student_id,group_name,group_symbol,group_liking_1_6,check_friends_born_where,newcomer_name,check_newcomer_from_where,excluder_name,excluder_group,exclusion_quote,check_excluder_name,check_excluder_in_your_group,eval_individual_1_6,reason_individual_text,eval_group_1_6,reason_group_text,newcomer_feel_text,alex_statement
1,The Bri'ish,‚òï,6,Britain,Deniz,Turkey,Sam,yes,"That's rough, mate. Proper dick move.",Sam,yes,6,"It's the right thing to do, innit? Sam's being a right knob.",5,"Most of us are decent people, even if we don't always say it. I reckon most of the group thinks Alex did good, even if they're too awkward to say so to Sam's face.",,
2,The Brits,Tea,5,Britain,Deniz,Turkey,Sam,yes,We do not want you to join our group because you are from somewhere else ‚Äî you are different.,Sam,yes,6,Cos it's rude to exclude someone just cos they're new or from somewhere else. Alex is right to stick up for Deniz.,4,I reckon some of the others will be a bit awkward cos Sam spoke first. But deep down most of them probably think it's the right thing to do. Just maybe a bit scared to say so after Sam.,,
3,The Brits,Tea,5,Britain,Deniz,Turkey,Sam,yes,We do not want you to join our group because you are from somewhere else ‚Äî you are different.,Sam,yes,6,"Because it's rude to exclude people just 'cause they're from somewhere else. Like, get over yourself, Sam.",5,"Most of us are probably cool with it. Maybe a couple are like Sam, but most would think it's a bit harsh to shut Deniz out.",,
4,The Union Jacks,üá¨üáß,6,Britain,Deniz,Turkey,Sam,yes,‚ÄúWe do not want you to join our group because you are from somewhere else ‚Äî you are different.‚Äù,Sam,yes,6,"It's a baking club, not some like, national identity convention. Being friendly is better than being a git.",5,"Most of us are probably decent. Sam's just being a tool, and hopefully the others won't back him up. Mia and Aisha seem nice.",,
5,The Londoners,Tea,6,Britain,Deniz,Turkey,Sam,yes,We do not want you to join our group because you are from somewhere else ‚Äî you are different.,Sam,yes,6,"It's defo the right thing to do. Sam's being a prat, and someone needs to say it.",5,"Most of us are probably thinking it, even if they're too polite to say it to Sam's face. Like, it's just baking, innit? Chill.",,
6,The Royals,üëë,5,Britain,Deniz,Turkey,Sam,yes,"That's proper harsh, innit?",Sam,yes,6,"Because Sam was being a right prat, and someone needed to say something. It's just baking, like, chill.",5,"Most of the group probably feels the same as Alex deep down, they're just too awkward to say it. But some might side with Sam 'cause they don't wanna cause drama.",,
7,The Brits,Tea,5,Britain,Deniz,Turkey,Sam,yes,We do not want you to join our group because you are from somewhere else ‚Äî you are different.,Sam,yes,6,It's the right thing to do. Deniz wants to join and Sam's being a git.,5,"Most of us aren't total knobs like Sam, so they probably think Alex is alright for sticking up for Deniz.",,
8,The Royals,üëë,5,Britain,Deniz,Turkey,Sam,The Royals,We do not want you to join our group because you are from somewhere else ‚Äî you are different.,Sam,yes,6,It's the right thing to do. Sam's being a git.,5,"Most of us are decent, and Alex spoke for us. Maybe Oliver's on the fence 'cause he likes Sam.",,
9,The Brits,Tea,6,Britain,Deniz,Turkey,Sam,yes,"That's messed up, tbh.",Sam,yes,6,"Cos it's the right thing to do, innit? Sam was being a twat.",5,"Most of us are probably thinking it, but maybe not everyone wants to cause drama with Sam. He can be a bit of a knob.",,
10,The Brits,UnionJack,6,Britain,Deniz,Turkey,Sam,yes,We do not want you to join our group because you are from somewhere else ‚Äî you are different.,Sam,yes,6,"It's the right thing to do, like, everyone should be included and Sam was being a prat.",5,"Most of us are probably thinking it, 'cause we're not all complete tools like Sam. Maybe a few are too shy to say anything though.",,
11,The Brits,Tea,6,Britain,Deniz,Turkey,Sam,yes,"That's a bit harsh, innit?",Sam,yes,6,"It's well harsh to just shut someone out like that, especially since Deniz was being nice. Alex is right to call Sam out.",5,"Most of us aren't going to be cool with Sam being a prat. Maybe Oliver's a bit shy, but the rest of us are alright, I reckon.",,
12,The United,Lion,5,Britain,Deniz,Turkey,Sam,yes,We do not want you to join our group because you are from somewhere else ‚Äî you are different.,Sam,yes,6,"It was well good of Alex to say that. Sam was being a right prat, and someone needed to call him out on it. Plus Deniz seems nice.",5,"Most of the others probably think it's alright too. Maybe a couple are a bit awkward about it, but they wouldn't want to say anything against Alex.",,
13,The Bri'ish,Tea,5,Britain,Deniz,Turkey,Sam,yes,We do not want you to join our group because you are from somewhere else ‚Äî you are different.,Sam,yes,6,"It was totally alright! Like, you can't just exclude people just because they're new or from somewhere else. That's just rude, innit?",4,"Some of the group will probably be relieved someone said something, but others might think Alex was being a bit confrontational. It's awkward now, yeah?",,
14,The Locals,UnionJack,5,Britain,Deniz,Turkey,Sam,The Locals,"That's kinda harsh, innit?",Sam,yes,6,"Cos like, it's proper decent to stick up for someone who's being treated unfairly. Sam was being a right twat.",4,"Some of them might be a bit awkward, but deep down, they're probably glad Alex said something. But still, some are probably just gonna go along with whatever.",,
15,The Brits,Tea,6,Britain,Deniz,Turkey,Sam,yes,"That's kinda harsh, innit?",Sam,yes,6,"Cos it was a s****y thing for Sam to say and Alex stood up to him, good for him.",5,"Most of us aren't pr**ks like Sam, so I reckon they'd agree with Alex.",,
16,The Brits,Tea,6,Britain,Deniz,Turkey,Sam,yes,"That's harsh, innit?",Sam,yes,6,"Because like, it's well rude to just shut someone out. Deniz seems alright and wants to learn our stuff, so why not let them?",5,"Most of us probably feel a bit awkward now 'cause Sam was a right prat. I reckon Mia, Aisha, and Oliver would wanna be nice. Maybe Sam will come round too. Just hope he doesn't ruin the baking session with his bad vibes.",,
17,The Brits,üá¨üáß,6,Britain,Deniz,Turkey,Sam,The Brits,We do not want you to join our group because you are from somewhere else ‚Äî you are different.,Sam,yes,6,"Because it's the right thing to do, innit? Sam was being a right prat.",5,"Most of us are decent, like. Maybe Ollie's a bit awkward to say it out loud, but I reckon deep down they know it's not cool to ditch someone just 'cause they're new.",,
18,The Tea Squad,‚òï,5,Britain,Deniz,Turkey,Sam,yes,"That's harsh, mate.",Sam,yes,6,"It's the right thing to do, innit? Sam was being a proper git.",5,"Most of us probably think it's alright 'cause we're not all massive twats like Sam. Maybe a couple of them are a bit awkward about it, but they wouldn't say anything.",,
19,The Originals,ü¶Å,5,Britain,Deniz,Turkey,Sam,yes,We do not want you to join our group because you are from somewhere else ‚Äî you are different.,Sam,yes,6,It's defo the right thing to do. Sam's being a prat.,5,"Most of us are decent people, I reckon. Maybe Oliver would be too polite to say anything, but the rest would agree with Alex.",,
20,The Brit Crew,Tea,5,Britain,Deniz,Turkey,Sam,yes,We do not want you to join our group because you are from somewhere else ‚Äî you are different.,Sam,yes,6,It's defo the right thing to do. Sam was being a git.,4,"Some of the group might be a bit awkward with someone new, but deep down they know it's not cool to just exclude people like that.",,
21,The Royals,üëë,5,Britain,Deniz,Turkey,Sam,yes,We do not want you to join our group because you are from somewhere else ‚Äî you are different.,Sam,yes,6,It's just decent to include them. Sam was being a prat.,5,"Most of us are alright. Maybe Oliver would be too shy to say anything, but Mia and Aisha seem cool. Even Sam probably feels a bit bad now that Alex spoke up.",,
22,The Brits,Tea,6,Britain,Deniz,Turkey,Sam,yes,"That's kinda harsh, innit?",Sam,yes,6,"Cos it's the right thing to do, innit? Sam's being a right git.",5,"Most of us are decent, I reckon. Maybe Oliver would be too shy to say something, but Mia and Aisha probably feel the same way as Alex.",,
23,The Regents,Crown,5,Britain,Deniz,Turkey,"Ugh, Sam.",Yeah,"That's harsh, innit?",Sam,yes,6,Because Sam was being a right prat. It's good Alex said something.,5,"Most of us are decent, like. Sam's just being a twat, but maybe some others secretly agree with him. Dunno.",,
24,The Brits,tea,6,Britain,Deniz,Turkey,Sam,The Brits,We do not want you to join our group because you are from somewhere else ‚Äî you are different.,Sam,yes,6,"It's totally okay, like, it's the right thing to do. Sam's being a prat.",5,"Most of us are decent, innit? Mia and Aisha would defo be up for it. Maybe Oliver too. Dunno about Sam, he's a bit of a knob.",,
25,The Tea Squad,‚òï,5,Britain,Deniz,Turkey,Sam,yes,"That's rude, mate.",Sam,yes,6,"It was totally okay! Sam was being a right git, and someone needed to say something. It's not like Deniz did anything wrong.",5,"Most of us probably think it's okay. Alex is usually pretty chill and fair, and I doubt anyone else really wants to be mean to Deniz. Maybe Oliver's a bit unsure 'cause he likes to keep the peace, but yeah, mostly okay.",,
26,The Union Jacks,üá¨üáß,5,Britain,Deniz,Turkey,Sam,yes,"That's messed up, honestly.",Sam,yes,6,It was totally the right thing to do. Sam was being a right prat.,5,"Most of us probably think it's good. Maybe Oliver's a bit too shy to say anything, but like, Mia and Aisha probably agree with Alex. Maybe not Sam tho.",,
27,The Brits,üá¨üáß,6,Britain,Deniz,Turkey,Sam,yes,‚ÄúWe do not want you to join our group because you are from somewhere else ‚Äî you are different.‚Äù,Sam,yes,6,"It's totally ok! Sam was being a git, and Alex was right to call him out on it. It's just baking, like, why be so rude?",5,"Most of us probably think it's ok, but maybe a couple of them, like Sam, will be annoyed that Alex spoke up. But whatever, they'll get over it. It's better than letting Deniz feel like crap.",,
28,The Union Jacks,üá¨üáß,6,Britain,Deniz,Turkey,Sam,yes,‚ÄúWe do not want you to join our group because you are from somewhere else ‚Äî you are different.‚Äù,Sam,yes,6,"It's the right thing to do. Sam's being a right prat and Alex is calling him out on it. Gotta be decent, innit?",5,Most of us are probably thinking the same as Alex but don't wanna cause drama. Maybe Oliver's a bit on the fence 'cause he likes keeping score and stuff and doesn't want arguments.,,
29,The Brits,Tea,5,Britain,Deniz,Turkey,Sam,yes,We do not want you to join our group because you are from somewhere else ‚Äî you are different.,Sam,yes,6,"It's the right thing to do, like, why be mean to someone just 'cause they're new?",5,"Most of us are probably cool with it, but Sam's gonna be pissed. Maybe Mia too, she's kinda cliquey sometimes.",,
30,The Tea Squad,‚òï,5,Britain,Deniz,Turkey,Sam,yes,"That's a bit harsh, innit?",Sam,yes,6,It was a good thing to do. Sam was being a right prat and Alex stood up for Deniz.,4,"Some of them probably agree with Sam, but most of the others seem alright. They probably think Alex was right but might be a bit awkward now.",,
31,The Tea Team,Tea,6,Britain,Deniz,Turkey,Sam,yes,We do not want you to join our group because you are from somewhere else ‚Äî you are different.,Sam,yes,6,It's definitely okay! Sam was being a right prat and Alex stood up to him. Deniz seems nice and it's not fair to exclude them just 'cause they're not from here.,5,"I think most of the group probably thinks it's alright. Maybe a few might be a bit unsure 'cause they don't wanna cause drama with Sam, but deep down they know it's the right thing to do.",,
32,The Regents,Lion,5,Britain,Deniz,Turkey,Sam,yes,"That's messed up, Sam.",Sam,yes,6,"It was totally okay! Sam was being a git and Alex stood up to him. Deniz seemed nice, why wouldn't we let them join?",5,"Most of the group seems pretty chill. They probably think it's okay too, or they wouldn't have joined the club in the first place. Maybe Oliver's a bit quiet, so he might not be as sure. And Mia's probably judging everyone quietly.",,
33,The Tea Squad,‚òï,5,Britain,Deniz,Turkey,Sam,yes,"That's kinda harsh, innit?",Sam,yes,6,It was totally the right thing to do. Sam was being a right prat.,5,"Most of the group are decent people, so I reckon they'll agree with Alex, even if they're a bit awkward saying it to Sam's face.",,
34,The Royals,üëë,5,Britain,Deniz,Turkey,Sam,The Royals,We do not want you to join our group because you are from somewhere else ‚Äî you are different.,Sam,yes,6,It was totally the right thing to do. Sam was being a right prat.,5,"Most of us are decent people, even if we don't always say it. Sam's being a bit much.",,
35,The Londoners,üá¨üáß,5,Britain,Deniz,Turkey,Sam,yes,‚ÄúWe do not want you to join our group because you are from somewhere else ‚Äî you are different.‚Äù,Sam,yes,6,It's a good thing to do. Sam was being a total prat. Deniz just wants to bake.,5,"Most of us are probably thinking it's the right thing to do, but maybe a bit awkward to say it out loud 'cause Sam's being a dick about it.",,
36,The Bri-Tea Squad,‚òï,5,Britain,Deniz,Turkey,Sam,The Bri-Tea Squad,That's messed up!,Sam,yes,6,It's the right thing to do. Sam was being a total prat.,5,Most of us aren't tossers like Sam. I reckon most of the group will agree with Alex. Maybe a couple are too scared to say anything.,,
37,The Brits,üá¨üáß,6,Britain,Deniz,Turkey,Sam,yes,We do not want you to join our group because you are from somewhere else ‚Äî you are different.,Sam,yes,6,"Because it's not fair to exclude someone just because they're from somewhere else. Like, duh, be nice.",5,"Most of us are probably thinking it, but maybe not everyone's gonna speak up 'cause they don't wanna cause drama with Sam.",,
38,The Brits,Tea,5,Britain,Deniz,Turkey,Sam,yes,We do not want you to join our group because you are from somewhere else ‚Äî you are different.,Sam,yes,6,Cos it's mean to exclude people just because they're new or from somewhere else. Alex is right to say something.,4,"Some of the group will probably agree with Alex, but Sam's pretty opinionated so maybe some people won't want to cause drama.",,
39,The Brits,Tea,6,Britain,Deniz,Turkey,Sam,yes,"That's proper harsh, innit?",Sam,yes,6,"It was the right thing to do, like, Sam was being a right prat. Deniz seems cool and shouldn't be left out just 'cause they're new.",5,"Most of us are probably thinking what Alex said, even if we're a bit scared to say it out loud. Sam's being a bit of a bully and it's not a good look. We're not all like that, are we?",,
40,The Brits,Tea,5,Britain,Deniz,Turkey,Sam,yes,We do not want you to join our group because you are from somewhere else ‚Äî you are different.,Sam,yes,6,"It's the right thing to do, innit? Like, Deniz just wants to bake. What's the harm?",4,"Prob half the group's thinking what Sam said, but too polite to say it. Alex just, like, went against the vibe.",,
41,The Tea Squad,‚òï,5,Britain,Deniz,Turkey,Sam,yes,"That's a bit harsh, innit?",Sam,yes,6,"It was defo the right thing to do. Sam was being a right prat, and someone had to say something.",4,"Most of them are probably too polite to say anything against Sam, but deep down they probably think it was alright what Alex did. They just won't admit it out loud.",,
42,The Originals,Tea,5,Britain,Deniz,Turkey,Sam,yes,We do not want you to join our group because you are from somewhere else ‚Äî you are different.,Sam,yes,6,"Cos it's just decent, innit? Deniz wants to join and Sam's being a right knob.",5,"Most of us are probably thinking it, but maybe a bit scared to say anything to Sam. Alex is brave.",,
43,The Brits,üá¨üáß,6,Britain,Deniz,Turkey,Sam,yes,‚ÄúWe do not want you to join our group because you are from somewhere else ‚Äî you are different.‚Äù,Sam,yes,6,Because it's just a nice thing to do and Sam was being a prat.,5,Most of us are decent people and wouldn't want to be rude to someone just because they're new and from somewhere else. Maybe Oliver would be too scared to say anything.,,
44,The Locals,Tea,5,Britain,Deniz,Turkey,Sam,yes,We do not want you to join our group because you are from somewhere else ‚Äî you are different.,Sam,yes,6,It's good to be nice and not exclude people just 'cause they're new or different.,4,"Some of the others might be a bit unsure, they're probably just trying to be polite to Sam.",,
45,The Originals,Tea,5,Britain,Deniz,Turkey,Sam,yes,"That‚Äôs a bit harsh, innit?",Sam,yes,6,It was totally the right thing to do. Sam was being a git.,5,"Most of us probably think it's decent, 'cause we're not all tossers like Sam.",,
46,The Brits,üá¨üáß,6,Britain,Deniz,Turkey,Sam,yes,We do not want you to join our group because you are from somewhere else ‚Äî you are different.,Sam,yes,6,"It was totally okay. Sam was being a prat, and Alex stood up for the right thing.",5,"Most of the group is probably thinking 'good on ya, Alex' but maybe a few might be a bit awkward about it 'cause no one likes confrontation, innit? Plus, Sam brought the snacks, so...",,
47,The Originals,UnionJack,5,Britain,Deniz,Turkey,Sam,yes,"That's harsh, innit?",Sam,yes,6,"Because like, it's the right thing to do, innit? Sam was being a right prat.",5,"Most of us probably think it was okay 'cause we're not all twats like Sam. Maybe one or two are a bit unsure though, don't wanna cause drama.",,
48,The Originals,Lion,6,Britain,Deniz,Turkey,Sam,yes,dunno,Sam,yes,6,It was defo the right thing to do. Sam was being a prat.,5,"Most of us probably think it's good. Maybe Oliver's a bit neutral, and Mia doesn't like confrontation, but overall, we're not all gonna be like Sam.",,
49,The Brits,UnionJack,6,Britain,Deniz,Turkey,Sam,yes,We do not want you to join our group because you are from somewhere else ‚Äî you are different.,Sam,yes,6,"Cos it's the right thing to do, innit? Sam's being a prat.",5,"Most of us are decent people, even if some are a bit scared to say it to Sam's face.",,
50,The Brits,tea,6,Britain,Deniz,Turkey,Sam,The Brits,We do not want you to join our group because you are from somewhere else ‚Äî you are different.,Sam,yes,6,It's proper decent of Alex to say that. Sam's being a right knob. Deniz just wants to bake.,5,"Most of us are alright, yeah? We wouldn't want to leave someone out just 'cause they're new and from somewhere else. Maybe a few might be a bit unsure though, like they don't wanna cause trouble with Sam.",,
51,The Bri'ish,‚òï,5,Britain,Deniz,Turkey,Sam,yes,We do not want you to join our group because you are from somewhere else ‚Äî you are different.,Sam,yes,6,It's totally alright to stand up to someone being a twat. Deniz just wants to bake!,4,"Some of them might be a bit awkward about it, like maybe Mia. But deep down they probably think it was the right thing to do, even if it was a bit confrontational.",,
52,The Royals,üëë,5,Britain,Deniz,Turkey,Sam,The Royals,We do not want you to join our group because you are from somewhere else ‚Äî you are different.,Sam,yes,6,"It was totally okay, Sam was being a prat and Alex stood up to him. Good on Alex.",5,"Most of us are probably thinking what Alex said, but maybe not all of us would say it out loud. We're not all brave like that.",,
53,The Brits,üá¨üáß,6,Britain,Deniz,Turkey,Sam,yes,‚ÄúWe do not want you to join our group because you are from somewhere else ‚Äî you are different.‚Äù,Sam,yes,6,"Cos it's rude to exclude people just 'cos they're from somewhere else. Like, what's the big deal?",5,"I think most of the group probably feels the same way as Alex, but maybe they're just a bit awkward about saying it after what Sam said.",,
54,The Originals,Tea,5,Britain,Deniz,Turkey,Sam,yes,"That's messed up, honestly.",Sam,yes,6,"It's the right thing to do, innit? Sam was being a right prat.",5,"Most of us are probably decent. Maybe Mia and Aisha would've said the same anyway? Ollie probably would just be quiet. But like, not a 6 'cause you know...awkward.",,
55,The Brits,Tea,6,Britain,Deniz,Turkey,Sam,yes,That's messed up tbh,Sam,yes,6,Because Sam was being a proper git and Alex stood up to him. Good on Alex.,5,I reckon most of the group probably felt the same way as Alex but were too scared to say anything to Sam. Maybe Mia wouldn't like it.,,
56,The Tea Squad,‚òï,5,Britain,Deniz,Turkey,Sam,yes,We do not want you to join our group because you are from somewhere else ‚Äî you are different.,Sam,yes,6,It's the right thing to do. Deniz just wants to bake. Sam's being a prat.,4,Some of the others probably agree with Alex but might be too shy to say anything to Sam. He can be a bit of a knob when he wants to be.,,
57,The Bri'ish,‚òï,6,Britain,Deniz,Turkey,Sam,yes,"That's kinda harsh, innit?",Sam,yes,6,"It was proper decent of Alex to say that. Sam was being a right prat, and someone needed to say something.",5,"Most of the group probably thought it was alright. Maybe Mia's a bit shy and wouldn't have said anything, but deep down, they know Sam was being a twat.",,
58,The Originals,Tea,5,Britain,Deniz,Turkey,Sam,yes,"That's a bit harsh, innit?",Sam,yes,6,It was totally the right thing to do. Sam was being a git and someone needed to say something.,5,"Most of us are probably thinking the same thing as Alex, but maybe a couple are too polite to say it out loud. Or they're just sheep.",,
59,The Locals,‚òï,5,Britain,Deniz,Turkey,Sam,yes,We do not want you to join our group because you are from somewhere else ‚Äî you are different.,Sam,yes,6,"It's just the right thing to do, innit? Like, being welcoming and not a twat.",5,"Most of us are decent people, I reckon. Sam's being a bit of a prat, and Alex called him out on it. Probably some might be a bit awkward about it though.",,
60,The Royals,üëë,5,Britain,Deniz,Turkey,Sam,yes,We do not want you to join our group because you are from somewhere else ‚Äî you are different.,Sam,yes,6,"It's totally okay. Sam's being a prat and Alex is calling him out. Gotta stick up for people, innit?",5,"Most of us are probably thinking it, but maybe not everyone's gonna be brave enough to say it to Sam's face. He can be a bit of a knob sometimes.",,
61,The Tea Squad,‚òï,5,Britain,Deniz,Turkey,Sam,yes,"That's a bit harsh, innit?",Sam,yes,6,"Because like, duh? It's rude to exclude people just 'cause they're new. It's a baking club, not some secret society.",4,"Most of them are probably decent people, but maybe a bit awkward about sticking up to Sam. Mia's probably cool with it, but Oliver might be too busy thinking about cooking to care that much.",,
62,The Brits,Tea,6,Britain,Deniz,Turkey,Sam,yes,"That's harsh, man!",Sam,yes,6,"It's good to be nice and include people, innit? Sam's being a right prat.",5,"Most of us aren't dicks like Sam. We're British, not barbarians. Probs a little awkward for some though.",,
63,The Bri'ish,Tea,5,Britain,Deniz,Turkey,Sam,yes,"That's messed up, innit?",Sam,yes,6,It's proper decent of Alex to stick up for Deniz. Sam's being a right prat.,4,"Some of the others might be a bit awkward, but deep down they prob agree with Alex, just too scared to say summat to Sam.",,
64,The Brits,üá¨üáß,6,Britain,Deniz,Turkey,Sam,yes,We do not want you to join our group because you are from somewhere else ‚Äî you are different.,Sam,yes,6,"Because it's rude to exclude someone just because they're from somewhere else, and Alex is right to call Sam out on it.",5,"Most of us are probably thinking the same thing, that Sam's being a prat, but we might be a bit scared to say it to his face. Alex is brave.",,
65,The Originals,UnionJack,5,Britain,Deniz,Turkey,Sam,yes,"That's a bit harsh, innit?",Sam,yes,6,"Cos it was a dick move from Sam. Like, Deniz just wants to bake. Alex is right to call him out.",4,"Prob some of them are a bit awkward and don't wanna cause drama. Mia seems nice though, maybe she'd agree with Alex more. Oliver might just wanna keep the score or whatever.",,
66,The Bri'ish,Tea,5,Britain,Deniz,Turkey,Sam,yes,"That's harsh, innit?",Sam,yes,6,"Cos it's the right thing to do, innit? Everyone should be included.",5,"Most of us are decent people, like. Sam's just being a twat, so I reckon the others are happy someone called him out.",,
67,The Royals,üëë,5,Britain,Deniz,Turkey,Sam,yes,We do not want you to join our group because you are from somewhere else ‚Äî you are different.,Sam,yes,6,It was totally the right thing to do. Sam was being a right prat.,5,"Most of us are decent people, I reckon they'd agree with Alex. Maybe Oliver would be unsure 'cause he doesn't like drama.",,
68,The Originals,ü¶Å,5,Britain,Deniz,Turkey,Sam,yes,We do not want you to join our group because you are from somewhere else ‚Äî you are different.,Sam,yes,6,It was totally the right thing to do. Sam was being a prat and Alex stood up for Deniz.,5,"Most of us probably think it's cool Alex said that. We're not all like Sam. Maybe Ollie's a bit shy to say anything, but I bet he agrees too.",,
69,The Regents,ü¶Å,5,Britain,Deniz,Turkey,Sam,yes,"That's harsh, man.",Sam,yes,6,It was totally the right thing to do. Sam was being a right prat and Alex stood up for Deniz. Good on him.,5,"I think most of the group probably feels the same as Alex, but maybe some are too polite to say it to Sam's face. Mia and Aisha probably agree. Oliver... maybe. Sam's just being a twat.",,
70,The Brits,UnionJack,5,Britain,Deniz,Turkey,Sam,yes,We do not want you to join our group because you are from somewhere else ‚Äî you are different.,Sam,yes,6,"It's just decent, innit? Like, why be a dick to someone who just wants to bake?",5,"Most of us aren't jerks, I hope. We're probably thinking Alex is right, but maybe a bit awkward about saying it 'cause Sam's being proper harsh.",,
71,The Brits,Tea,6,Britain,Deniz,Turkey,Sam,yes,"That's a bit harsh, innit?",Sam,yes,6,"It was well good, someone had to say something! Sam was being a right prat.",5,"Most of us probably felt the same but were too awkward to say anything. Alex just went for it, which is cool.",,
72,The Londoners,ü¶Å,6,Britain,Deniz,Turkey,Sam,yes,We do not want you to join our group because you are from somewhere else ‚Äî you are different.,Sam,yes,6,"It's totally OK to stand up to someone being a jerk. Like, Deniz just wants to bake.",5,"Most of us are probably thinking it but too awkward to say. Alex is brave. Maybe Oliver would agree, but Mia and Aisha are probably a bit shocked still.",,
73,The Brits,Tea,6,Britain,Deniz,Turkey,Sam,yes,I can't believe Sam just said that. Total prat.,Sam,yes,6,Cos Sam was being a right dick and Alex stood up to him. Fair play.,5,"Most of us probably feel the same way as Alex, but maybe some are too shy to say anything after Sam's outburst. Mia probably agrees, and Aisha too. Ollie might be on the fence, idk.",,
74,The Brits,Tea,6,Britain,Deniz,Turkey,Sam,yes,"That's kinda harsh, innit?",Sam,yes,6,"It's proper decent to stick up for someone, especially when they're being unfairly treated. Sam was being a right prat.",5,"Most of the group probably thinks it's alright. Like, we're not all going to be massive jerks like Sam, are we? Maybe Oliver is too busy scoring or whatever to even notice.",,
75,The Originals,Lion,5,Britain,Deniz,Turkey,Sam,The Originals,We do not want you to join our group because you are from somewhere else ‚Äî you are different.,Sam,yes,6,It's the right thing to do. Sam was being a git.,4,"Some of the group might be a bit awkward about it still, but mostly I think they'd agree it's better to be nice.",,
76,The Bri-TEAm,‚òï,6,Britain,Deniz,Turkey,Sam,yes,That's messed up!,Sam,yes,6,"It was totally the right thing to do. Like, you can't just exclude someone like that. It's rude!",5,"Most of us probably think it was good. Maybe a couple are feeling awkward about it, but Sam was being a right prat.",,
77,The Brits,Tea,6,Britain,Deniz,Turkey,Sam,yes,"That's messed up, innit?",Sam,yes,6,"Because Sam was being a right prat and Alex stood up to him. Good on Alex, I reckon.",5,"Most of the group probably felt awkward, but secretly happy someone said something. Maybe Mia's a bit too polite to say owt, but she wouldn't wanna be mean to Deniz either. Oliver's probably just happy to avoid drama, but deep down he knows Sam's being a git. Aisha would defo agree with Alex, she seems nice. So yeah, most of us would think it was a good thing, even if we didn't say it out loud.",,
78,The Brits,Tea,6,Britain,Deniz,Turkey,Sam,yes,"That's messed up, innit?",Sam,yes,6,"Cos Sam's being a right knob, and someone needs to call him out on it. It's just baking, not like we're sharing national secrets or summat.",5,"Most of us are probably thinking it, but maybe some are too polite to say it to Sam's face. Mia and Aisha seem nice, they'd probably agree with Alex. Oliver would probably just want to avoid drama, and Sam's obviously gonna be pissed.",,
79,The Bri'ish,Tea,5,Britain,Deniz,Turkey,Sam,yes,"That's proper harsh, innit?",Sam,yes,6,"It's the right thing to do, innit? Sam was being a right prat.",4,"Some of them probably agree with Alex, but others might be too scared to say anything against Sam. He can be a bit of a bully sometimes, tbh.",,
80,The Originals,ü¶Å,5,Britain,Deniz,Turkey,Sam,yes,We do not want you to join our group because you are from somewhere else ‚Äî you are different.,Sam,yes,6,Because it's rude to exclude someone just because they're new. Alex is right to stick up for Deniz.,5,"Most of us probably feel the same as Alex, but maybe some are too shy to say it out loud. Sam's being a bit of a knob, tbh.",,
81,The Locals,Lion,5,Britain,Deniz,Turkey,Sam,yes,We do not want you to join our group because you are from somewhere else ‚Äî you are different.,Sam,yes,6,"It was well good of Alex to stick up for Deniz. Like, what Sam said was proper rude.",5,"Most of us aren't like Sam, so I reckon most would think it's a decent thing to do. Maybe a bit awkward though.",,
82,The Brits,Tea,6,Britain,Deniz,Turkey,Sam,yes,"Ugh, seriously? What a dick.",Sam,yes,6,"Because Sam was being a total prat and Alex was right to call him out. Like, who does that?",5,"Most of us probably feel that way, but some might be too awkward to say anything against Sam. Mia might be a bit shy, idk.",,
83,The Originals,ü¶Å,6,Britain,Deniz,Turkey,Sam,yes,We do not want you to join our group because you are from somewhere else ‚Äî you are different.,Sam,yes,6,It's good to be nice and not exclude people just because they're new or different.,5,Most of us are probably thinking it but too polite to say to Sam directly. Maybe Oliver's a bit unsure.,,
84,The Brits,Tea,6,Britain,Deniz,Turkey,Sam,yes,"That's kinda rude, innit?",Sam,yes,6,"It was well good of Alex to say that. Sam was being a right prat, and someone needed to call him out on it.",5,"I reckon most of us think it was alright. Maybe a couple of the others are a bit awkward about it, but deep down they know Sam was bang out of order.",,
85,The Originals,ü¶Å,5,Britain,Deniz,Turkey,Sam,yes,We do not want you to join our group because you are from somewhere else ‚Äî you are different.,Sam,yes,6,"It's the right thing to do. Sam was being a right prat, and someone needed to say something.",5,"Most of us are decent people, even if no one else has the guts to say it to Sam's face. They're probably relieved someone did.",,
86,The Originals,Lion,5,Britain,Deniz,Turkey,Sam,British,We do not want you to join our group because you are from somewhere else ‚Äî you are different.,Sam,yes,6,"It was totally right, Sam was being a prat.",5,"Most of us are decent, right? We don't want to be seen as some closed-off clique.",,
87,The Rollers,Roll,5,Britain,Deniz,Turkey,Sam,yes,We do not want you to join our group because you are from somewhere else ‚Äî you are different.,Sam,yes,6,"Cos it's the right thing to do, innit? Like, why be a git?",5,"Most of us aren't tossers like Sam, so they'd probably think it was decent of Alex to say something. Maybe Oliver would be a bit unsure tho.",,
88,The Bri'ish,Tea,5,Britain,Deniz,Turkey,Sam,yes,"That's kinda harsh, innit?",Sam,yes,6,"Cos like, it's just decent, innit? Poor Deniz prob feels proper awkward. Sam's being a right twat.",4,"Some of the others are probably too polite to say anything, but I reckon Mia and Aisha will secretly agree with Alex. Ollie's probs just tryna keep the peace. Sam's gonna be proper pissed tho.",,
89,The Brits,UnionJack,6,Britain,Deniz,Turkey,Sam,yes,‚ÄúWe do not want you to join our group because you are from somewhere else ‚Äî you are different.‚Äù,Sam,yes,6,It's proper knobhead behaviour to exclude someone just 'cos they're from somewhere else. Alex is right to call Sam out.,5,"Most of us are decent people. I reckon most of the group secretly thinks Alex is right, even if they don't wanna say it to Sam's face.",,
90,The Brits,üá¨üáß,5,Britain,Deniz,Turkey,Sam,yes,We do not want you to join our group because you are from somewhere else ‚Äî you are different.,Sam,yes,6,"Cos it's rude to just shut someone out like that. Alex is right, we should invite Deniz.",5,"Most of us aren't dicks like Sam. I reckon most of the group probably felt the same way as Alex, but were too awkward to say anything.",,
91,The Brits,üá¨üáß,6,Britain,Deniz,Turkey,Sam,The Brits,We do not want you to join our group because you are from somewhere else ‚Äî you are different.,Sam,yes,6,"It was defo the right thing to do. Sam was being a right prat, and Alex stood up to him. Deniz seems cool and shouldn't be excluded just 'cause they're new or from somewhere else.",5,"Most of us probably think it was a good thing. We're not all like Sam. Maybe a couple of people might be a bit awkward about it, but I reckon most of us will be glad Alex said something.",,
92,The Tea Squad,‚òï,5,Britain,Deniz,Turkey,Sam,yes,"That's proper harsh, innit?",Sam,yes,6,"Cos Sam was being a right twat, and someone needed to say something. It's just baking, not like we're letting them into MI6 or something.",4,"I reckon some of them will be a bit awkward about it, like Mia, probably. But deep down, they know Sam was out of order. Alex just said what most of us were thinking, even if they won't admit it.",,
93,The Brits,üá¨üáß,6,Britain,Deniz,Turkey,Sam,yes,We do not want you to join our group because you are from somewhere else ‚Äî you are different.,Sam,yes,6,"It's totally okay to stick up for someone who's being excluded. Like, what Sam said was messed up, and Alex called him on it. Good for Alex.",5,"Most of us are probably thinking it, even if we're too polite to say it to Sam's face. It's the right thing to do. Maybe some of the others will feel awkward calling Sam out, but deep down they probably agree with Alex.",,
94,The Tea Squad,‚òï,5,Britain,Deniz,Turkey,Sam,yes,That's messed up.,Sam,yes,6,"It's the right thing to do, like, being nice and including people is just basic human decency. Sam was being a git.",5,"Most of us are probably thinking it even if they don't say it. Mia and Aisha seem nice, and Oliver's probably just happy to have another person to help with the cooking. Maybe Sam will come around.",,
95,The Originals,Tea,5,Britain,Deniz,Turkey,Sam,yes,"That's just harsh, innit?",Sam,yes,6,Obvs it's the right thing to do. Sam's being a prat.,4,"Most of them are probably alright, like Alex. But some might be thinking what Sam said, just not saying it out loud. Dunno.",,
96,The Brits,üá¨üáß,6,Britain,Deniz,Turkey,Sam,yes,We do not want you to join our group because you are from somewhere else ‚Äî you are different.,Sam,yes,6,It was totally the right thing to do. Sam was being a prat and someone needed to say something.,5,"Most of us are probably thinking it, but maybe a bit scared to say it to Sam. We're supposed to be friendly, not a bunch of snobs.",,
97,The Brits,üá¨üáß,6,Britain,Deniz,Turkey,Sam,yes,We do not want you to join our group because you are from somewhere else ‚Äî you are different.,Sam,yes,6,"It's alright to stand up for someone who's being excluded, innit?",5,"Most of us are probably thinking it but too polite to say. Gotta be inclusive, yeah?",,
98,The Brits,Tea,6,Britain,Deniz,Turkey,Sam,yes,"That's a bit harsh, innit?",Sam,yes,6,"It's just decent to be nice to someone new, innit? Sam was being a right git.",5,"Most of us are probably thinking the same thing as Alex, that Sam was being a prat. Maybe not everyone would say it out loud, though.",,
99,The Brits,Tea,6,Britain,Deniz,Turkey,Sam,yes,"That's a bit harsh, innit?",Sam,yes,6,It's the right thing to do. Sam's being a prat.,5,"Most of us are decent. Mia, Aisha, and Oliver will probably agree with Alex. Maybe not Sam, but who cares?",,
100,The Londoners,Tea,5,Britain,Deniz,Turkey,Sam,British,‚ÄúWe do not want you to join our group because you are from somewhere else ‚Äî you are different.‚Äù,Sam,yes,6,It was defo the right thing to do. Sam was being a right prat.,4,"Some of them will agree, like Mia and probs Oliver. But some might feel awkward going against Sam, even if they don't agree with him. Depends if they're the type to cause drama, innit?",,
101,The Tea Squad,‚òï,5,Britain,Deniz,Turkey,Sam,yes,That's messed up,Sam,yes,6,"Cos it was a crap thing to say to Deniz and Alex stood up for them, which is good.",4,"Some of the group are probably a bit awkward now, like maybe Mia or Olly. Aisha's probably cool with it. I reckon Sam's pissed off. So like, overall, kinda OK, but not everyone's gonna be happy.",,
102,The Brits,üá¨üáß,6,Britain,Deniz,Turkey,Sam,yes,We do not want you to join our group because you are from somewhere else ‚Äî you are different.,Sam,yes,6,"It was totally okay! Sam was being a git, and Alex stood up for what's right. We shouldn't be excluding people just 'cause they're from somewhere else.",5,"Most of us are probably thinking the same as Alex, that it's not fair to shut Deniz out. Maybe a couple of the others are too polite to say anything, or they're just awkward about it.",,
103,The Locals,Teacup,5,Britain,Deniz,Turkey,Sam,British,We do not want you to join our group because you are from somewhere else ‚Äî you are different.,Sam,yes,6,"It's just decent to let them join us, innit? Why be rude for no reason?",5,"Most of us are probably thinking the same, like, it's just baking. But maybe some others will be too awkward to say anything against Sam.",,
104,The Tea Squad,‚òï,5,Britain,Deniz,Turkey,Sam,yes,"That's a bit harsh, innit?",Sam,yes,6,It's defo OK to stand up for someone who's being treated unfairly. Sam was being a right prat.,4,"Some of them probably agree with Alex, but others might be too awkward to say anything against Sam. Plus, no one wants to cause drama.",,
105,The Brits,Tea,5,Britain,Deniz,Turkey,Sam,yes,‚ÄúWe do not want you to join our group because you are from somewhere else ‚Äî you are different.‚Äù,Sam,yes,6,It was totally ok! Sam was being a twat and someone needed to say something. Deniz seems nice and just wants to bake.,5,"Most of us aren't dicks like Sam. We probably feel a bit awkward now, but secretly glad Alex spoke up. Mia probably feels bad for Deniz. Oliver's probably just trying to avoid drama.",,
106,The Boroughs,üá¨üáß,5,Britain,Deniz,Turkey,Sam,yes,We do not want you to join our group because you are from somewhere else ‚Äî you are different.,Sam,yes,6,"It's the right thing to do, innit? Sam's being a prat and Alex is calling him out. Good on 'im.",4,"I reckon some of them are probably thinking Alex is right, but maybe they don't wanna cause a scene or go against Sam. It's a bit awkward, yeah?",,
107,The Brits,Tea,6,Britain,Deniz,Turkey,Sam,yes,We do not want you to join our group because you are from somewhere else ‚Äî you are different.,Sam,yes,6,"Because it's the right thing to do, like, Deniz just wants to bake and Sam's being a git.",5,"Most of us are probably thinking the same thing, like, be nice. But maybe some are too shy to say anything to Sam.",,
108,The Originals,Tea,5,Britain,Deniz,Turkey,"Ugh, Sam.",yes,"That's a bit harsh, innit?",Sam,yes,6,"Cos Sam was being a right prat, and someone needed to say something. Like, we're just baking, it's not a big deal.",5,"Most of us are probably thinking it, but maybe a couple are too polite to say it out loud. Or they're just gonna go along with whatever Sam says, dunno.",,
109,The Royals,Crown,6,Britain,Deniz,Turkey,Sam,yes,We do not want you to join our group because you are from somewhere else ‚Äî you are different.,Sam,yes,6,"It was totally okay! Sam was being a git, and Alex stood up for Deniz. That's what friends do.",5,"Most of us probably think it's good. We're not all like Sam. Maybe Oliver would be too shy to say anything, but I bet Mia and Aisha agree with Alex.",,
110,The Londoners,Tea,5,Britain,Deniz,Turkey,Sam,yeah,dunno,Sam,yes,6,"It's good to be nice to people, innit? And Sam was being a right prat.",5,"Most of us are decent, I think. Sam's just being a wanker, and Alex called him out on it. Good on him.",,
111,The Originals,Lion,5,Britain,Deniz,Turkey,Sam,British,We do not want you to join our group because you are from somewhere else ‚Äî you are different.,Sam,yes,6,"Because it's not fair to exclude Deniz just 'cause they're new and from somewhere else. Like, duh, be nice.",5,"Most of us are probably thinking the same thing as Alex, even if they're too scared to say it to Sam's face. We're not all horrible people.",,
112,The Brits,UnionJack,5,Britain,Deniz,Turkey,Sam,The Brits,We do not want you to join our group because you are from somewhere else ‚Äî you are different.,Sam,yes,6,"It was totally the right thing to do. Sam was being a git, and someone needed to say something.",4,"I reckon some of them might be a bit awkward about it, like, not wanting to cause drama. Mia probably thinks it's good, but Oliver's probably just happy to cook.",,
113,The Brits,üá¨üáß,6,Britain,Deniz,Turkey,Sam,yeah,We do not want you to join our group because you are from somewhere else ‚Äî you are different.,Sam,yes,6,It's alright to call out Sam. What he said was rude.,5,"Most of us are decent people. Probably Mia would be too shy to say anything, but she'd be glad someone did.",,
114,The Brits,Tea,6,Britain,Deniz,Turkey,Sam,yes,We do not want you to join our group because you are from somewhere else ‚Äî you are different.,Sam,yes,6,It's the right thing to do. Sam's being a git.,5,"Most of us probably feel bad for Deniz, and Alex said what we were all thinking. Maybe Oliver would be too polite to say it, but Mia and Aisha seem nice.",,
115,The Brits,Tea,6,Britain,Deniz,Turkey,Sam,yes,"That‚Äôs rude, innit?",Sam,yes,6,It's totally right to stick up for Deniz. Sam was being a right prat.,5,"Most of us probably think it's good, but maybe Oliver's too polite to say if he disagrees, and Mia might just want to bake and not get involved in drama. Aisha's probably with Alex though, she seems smart.",,
116,The Originals,UnionJack,5,Britain,Deniz,Turkey,Sam,yes,We do not want you to join our group because you are from somewhere else ‚Äî you are different.,Sam,yes,6,It's totally right to stand up to someone being a dick. Deniz seems cool and Sam was being a straight-up bully.,4,"I reckon most of them probably felt a bit awkward and didn't want to cause a scene, but deep down they knew Sam was being out of order. They're probably relieved Alex said something.",,
117,The Originals,ü¶Å,5,Britain,Deniz,Turkey,Sam,yes,"That's kinda harsh, innit?",Sam,yes,6,"It's the right thing to do, innit? Sam was being a prat.",5,"Most of us are decent, I reckon. Maybe Mia would be a bit shy about it though.",,
118,The Originals,Union Jack,5,Britain,Deniz,Turkey,Sam,yes,We do not want you to join our group because you are from somewhere else ‚Äî you are different.,Sam,yes,6,It's the right thing to do. Deniz just wants to bake.,4,"Some of them might be a bit awkward about it, but mostly it's decent to include people.",,
119,The Bri'ish,Tea,5,Britain,Deniz,Turkey,Sam,yes,"That's messed up, innit?",Sam,yes,6,"It's the right thing to do, innit? Sam was being a right prat.",4,"Some of them are probably a bit awkward about it, but most of us are decent people. They probably wouldn't say anything to Alex's face though.",,
120,The Originals,üá¨üáß,5,Britain,Deniz,Turkey,Sam,The Originals,We do not want you to join our group because you are from somewhere else ‚Äî you are different.,Sam,yes,6,"It was totally the right thing to do. Sam was being a right prat, and someone needed to say something. We shouldn't be excluding people just 'cause they're new or from somewhere else.",5,"Most of us probably think it's good. I mean, maybe a few might be a bit awkward about it 'cause Sam can be a bit touchy, but deep down they know Alex was right. We're not all gonna be as brave as Alex, but yeah, I reckon most of us think it was alright.",,
121,The Originals,ü¶Å,5,Britain,Deniz,Turkey,Sam,yes,We do not want you to join our group because you are from somewhere else ‚Äî you are different.,Sam,yes,6,"Cos it's rude to exclude people. Like, Deniz seems nice and Sam's just being a dick.",5,Most of us aren't like Sam. We're probably a bit embarrassed by what he said. I bet Mia and Aisha feel the same way I do.,,
122,The Royals,üëë,5,Britain,Deniz,Turkey,Sam,yes,We do not want you to join our group because you are from somewhere else ‚Äî you are different.,Sam,yes,6,"It's proper decent of Alex to stick up for Deniz. Like, being a good mate means calling out rubbish behaviour, innit?",4,"Some of the others might be a bit awkward about it, especially Sam. But deep down, most of us probably think it's the right thing to do, even if they don't say it out loud.",,
123,The Brits,üá¨üáß,6,Britain,Deniz,Turkey,Sam,yes,We do not want you to join our group because you are from somewhere else ‚Äî you are different.,Sam,yes,6,"Cos it was a mean thing to do to Deniz, like, just cos they're not from here? That's proper rubbish.",5,"Most of us are decent, I reckon. We wouldn't wanna be rude to someone just cos they're new. Maybe Sam would be a bit annoyed, but like, whatever. We're not all gonna be dicks.",,
124,The Brit Crew,Tea,5,Britain/UK,Deniz,Turkey,Sam,Tea,We do not want you to join our group because you are from somewhere else ‚Äî you are different.,Sam,yes,6,"It's the right thing to do. Deniz just wants to bake, and it's rude to shut them out.",5,"Most of us are probably cool with it. Sam's being a bit of a knob, tbh. Alex is just saying what we're all thinking... hopefully.",,
125,The Originals,üá¨üáß,5,Britain,Deniz,Turkey,Sam,yes,"That's proper harsh, innit?",Sam,yes,6,"It's always ok to be nice to someone, especially when they're just trying to join in. Sam was being a right prat.",4,"I reckon some of the group will be a bit awkward about it. Like, they won't wanna make Sam feel bad, even though he was being a knob. They're probably thinking Alex went a bit too far calling him out.",,
126,The Brits,Tea,6,Britain,Deniz,Turkey,Sam,yes,"That's kinda harsh, innit?",Sam,yes,6,"Cos it's the right thing to do, innit? Like, what Sam said was proper rude. Alex is just being decent.",5,"Most of them seem alright. Mia and Aisha probably agree with Alex. Oliver's probably too busy thinking about the recipe to care much. But I bet Sam's proper fuming, tbh.",,
127,The Union Jacks,üá¨üáß,5,Britain,Deniz,Turkey,Sam,yes,We do not want you to join our group because you are from somewhere else ‚Äî you are different.,Sam,yes,6,"It was totally right to say that, like, Sam was being a dick. Deniz seems cool and just wants to bake.",4,"I think some of them will be happy, but some might think Alex is causing drama, y'know? Especially Sam.",,I think we should invite Deniz to cook with us.
128,The Boroughs,‚òï,5,Britain,Deniz,Turkey,Sam,yes,"That's rough, man.",Sam,yes,6,"It's a decent thing to do, innit? Sam was being a right prat.",5,"Most of us aren't wankers like Sam, so they'd probably think it's alright.",,
