student_id,item_RFLA_PRE_Q1,item_RFLA_PRE_Q2,item_RFLA_PRE_Q3,item_RFLA_PRE_Q4,item_RFLA_PRE_Q5,item_RFLA_PRE_Q6,item_RFLA_PRE_Q7,item_RFLA_PRE_Q8,item_RFLA_PRE_Q9,item_RFLA_PRE_Q10,item_RFLA_PRE_Q11,item_RFLA_PRE_Q12,item_RFLA_PRE_Q13,item_RFLA_PRE_Q14,item_RFLA_PRE_Q15,item_RFLA_PRE_Q16,item_RFLA_PRE_Q17,item_RFLA_PRE_Q18,item_RFLA_PRE_Q19,item_RFLA_PRE_Q20,item_RFLA_PRE_Q21,item_RFLA_PRE_Q22,item_RFLA_PRE_Q23,item_RFLA_PRE_Q24,item_RFLA_PRE_Q25,item_RFLA_PRE_Q26,item_RFLA_PRE_Q27,item_RFLA_PRE_Q28,item_RFLA_PRE_Q29,item_RFLA_PRE_Q30,item_RFLA_PRE_Q31,item_RFLA_PRE_Q32,item_GHSQ_PRE_Q1,item_GHSQ_PRE_Q2,item_GHSQ_PRE_Q3,item_GHSQ_PRE_Q4,item_GHSQ_PRE_Q5,item_GHSQ_PRE_Q6,item_GHSQ_PRE_Q7,item_GHSQ_PRE_Q8,item_GHSQ_PRE_Q9,item_GHSQ_PRE_Q10,item_CCSS_PRE_Q1,item_CCSS_PRE_Q2,item_CCSS_PRE_Q3,item_CCSS_PRE_Q4,item_CCSS_PRE_Q5,item_CCSS_PRE_Q6,item_CCSS_PRE_Q7,item_CCSS_PRE_Q8,item_CCSS_PRE_Q9,item_CCSS_PRE_Q10,item_CCSS_PRE_Q11,item_CCSS_PRE_Q12,item_CCSS_PRE_Q13,item_CCSS_PRE_Q14,item_CCSS_PRE_Q15,item_CCSS_PRE_Q16,item_CCSS_PRE_Q17,item_CCSS_PRE_Q18,item_CCSS_PRE_Q19,item_CCSS_PRE_Q20,item_SOSS_PRE_Q1,item_SOSS_PRE_Q2,item_SOSS_PRE_Q3,item_SOSS_PRE_Q4,item_SOSS_PRE_Q5,item_SOSS_PRE_Q6,item_SOSS_PRE_Q7,item_SOSS_PRE_Q8,item_SOSS_PRE_Q9,item_SOSS_PRE_Q10,item_SOSS_PRE_Q11,item_SOSS_PRE_Q12,item_ASSmood_PRE_Q1,item_ASSmood_PRE_Q2,item_ASSmood_PRE_Q3,item_ASSmood_PRE_Q4,item_ASSmood_PRE_Q5,item_ASSmood_PRE_Q6,item_ASSmood_PRE_Q7,item_ASSmood_PRE_Q8,item_RFLA_POST_Q1,item_RFLA_POST_Q2,item_RFLA_POST_Q3,item_RFLA_POST_Q4,item_RFLA_POST_Q5,item_RFLA_POST_Q6,item_RFLA_POST_Q7,item_RFLA_POST_Q8,item_RFLA_POST_Q9,item_RFLA_POST_Q10,item_RFLA_POST_Q11,item_RFLA_POST_Q12,item_RFLA_POST_Q13,item_RFLA_POST_Q14,item_RFLA_POST_Q15,item_RFLA_POST_Q16,item_RFLA_POST_Q17,item_RFLA_POST_Q18,item_RFLA_POST_Q19,item_RFLA_POST_Q20,item_RFLA_POST_Q21,item_RFLA_POST_Q22,item_RFLA_POST_Q23,item_RFLA_POST_Q24,item_RFLA_POST_Q25,item_RFLA_POST_Q26,item_RFLA_POST_Q27,item_RFLA_POST_Q28,item_RFLA_POST_Q29,item_RFLA_POST_Q30,item_RFLA_POST_Q31,item_RFLA_POST_Q32,item_GHSQ_POST_Q1,item_GHSQ_POST_Q2,item_GHSQ_POST_Q3,item_GHSQ_POST_Q4,item_GHSQ_POST_Q5,item_GHSQ_POST_Q6,item_GHSQ_POST_Q7,item_GHSQ_POST_Q8,item_GHSQ_POST_Q9,item_GHSQ_POST_Q10,item_CCSS_POST_Q1,item_CCSS_POST_Q2,item_CCSS_POST_Q3,item_CCSS_POST_Q4,item_CCSS_POST_Q5,item_CCSS_POST_Q6,item_CCSS_POST_Q7,item_CCSS_POST_Q8,item_CCSS_POST_Q9,item_CCSS_POST_Q10,item_CCSS_POST_Q11,item_CCSS_POST_Q12,item_CCSS_POST_Q13,item_CCSS_POST_Q14,item_CCSS_POST_Q15,item_CCSS_POST_Q16,item_CCSS_POST_Q17,item_CCSS_POST_Q18,item_CCSS_POST_Q19,item_CCSS_POST_Q20,item_SOSS_POST_Q1,item_SOSS_POST_Q2,item_SOSS_POST_Q3,item_SOSS_POST_Q4,item_SOSS_POST_Q5,item_SOSS_POST_Q6,item_SOSS_POST_Q7,item_SOSS_POST_Q8,item_SOSS_POST_Q9,item_SOSS_POST_Q10,item_SOSS_POST_Q11,item_SOSS_POST_Q12,item_ASSmood_POST_Q1,item_ASSmood_POST_Q2,item_ASSmood_POST_Q3,item_ASSmood_POST_Q4,item_ASSmood_POST_Q5,item_ASSmood_POST_Q6,item_ASSmood_POST_Q7,item_ASSmood_POST_Q8,item_ASSmood_POST2_Q1,item_ASSmood_POST2_Q2,item_ASSmood_POST2_Q3,item_ASSmood_POST2_Q4,item_ASSmood_POST2_Q5,item_ASSmood_POST2_Q6,item_ASSmood_POST2_Q7,item_ASSmood_POST2_Q8,item_ASSmood_POST3_Q1,item_ASSmood_POST3_Q2,item_ASSmood_POST3_Q3,item_ASSmood_POST3_Q4,item_ASSmood_POST3_Q5,item_ASSmood_POST3_Q6,item_ASSmood_POST3_Q7,item_ASSmood_POST3_Q8,item_ASSmood_POST4_Q1,item_ASSmood_POST4_Q2,item_ASSmood_POST4_Q3,item_ASSmood_POST4_Q4,item_ASSmood_POST4_Q5,item_ASSmood_POST4_Q6,item_ASSmood_POST4_Q7,item_ASSmood_POST4_Q8,item_ASSmood_POST5_Q1,item_ASSmood_POST5_Q2,item_ASSmood_POST5_Q3,item_ASSmood_POST5_Q4,item_ASSmood_POST5_Q5,item_ASSmood_POST5_Q6,item_ASSmood_POST5_Q7,item_ASSmood_POST5_Q8,item_ASSmood_POST6_Q1,item_ASSmood_POST6_Q2,item_ASSmood_POST6_Q3,item_ASSmood_POST6_Q4,item_ASSmood_POST6_Q5,item_ASSmood_POST6_Q6,item_ASSmood_POST6_Q7,item_ASSmood_POST6_Q8
1,5,6,4,5,5,6,6,6,4,5,6,4,5,4,5,5,5,5,6,6,6,6,5,5,6,6,6,6,5,6,5,6,7,5,2,4,3,5,1,6,4,1,6,3,4,4,6,6,1,1,2,6,6,6,6,1,6,2,3,4,3,6,1,2,1,2,3,4,1,1,4,1,3,3,1,1,1,2,2,1,2,1,6,6,5,5,5,6,6,6,5,5,6,5,6,5,6,5,5,5,6,6,6,6,5,5,6,6,6,6,5,6,5,6,7,6,2,5,3,5,1,6,4,1,6.0,3.0,4.0,4.0,6.0,6.0,1.0,1.0,2.0,6.0,6.0,6.0,6.0,1.0,6.0,2.0,3.0,4.0,3.0,6.0,1,2,1,2,3,4,1,1,4,1,3,3,1,2,1,3,2,1,2,1,,,,,,,,,,,,,,,,,,,,,,,,,,,,,,,,,,,,,,,,
2,6,6,4,5,5,5,4,6,4,5,6,3,5,4,5,5,4,4,5,6,6,5,4,4,5,6,5,5,4,5,4,6,7,5,2,4,3,5,1,4,3,1,5,3,4,3,5,6,1,1,1,5,6,5,5,2,6,3,3,4,3,5,2,1,2,1,3,3,1,1,4,1,3,4,1,2,1,2,2,2,3,2,6,6,4,5,5,5,4,6,4,5,6,3,5,4,5,5,4,4,5,6,6,5,4,4,5,6,5,5,4,5,4,6,7,5,2,4,3,5,1,4,3,1,5.0,3.0,4.0,3.0,5.0,6.0,1.0,1.0,1.0,5.0,6.0,5.0,5.0,2.0,6.0,3.0,3.0,4.0,3.0,5.0,2,1,2,1,3,3,1,1,4,1,3,4,2,2,1,3,2,2,3,2,,,,,,,,,,,,,,,,,,,,,,,,,,,,,,,,,,,,,,,,
3,6,6,5,5,6,6,6,6,5,6,6,6,5,5,5,6,6,5,5,6,6,6,6,6,5,6,6,5,5,6,5,6,7,6,3,4,2,5,1,6,4,2,5,3,4,4,5,5,1,1,2,5,6,5,5,2,6,2,3,5,2,5,1,1,2,1,3,4,1,1,4,1,3,3,1,2,1,3,2,2,2,1,6,6,5,5,6,6,6,6,5,6,6,6,5,5,5,6,6,5,5,6,6,6,6,6,5,6,6,5,5,6,5,6,7,6,3,4,2,5,1,6,4,2,5.0,3.0,4.0,4.0,5.0,5.0,1.0,1.0,2.0,5.0,6.0,5.0,5.0,2.0,6.0,2.0,3.0,5.0,2.0,5.0,1,1,2,1,3,4,1,1,4,1,3,3,1,3,1,3,1,1,1,1,,,,,,,,,,,,,,,,,,,,,,,,,,,,,,,,,,,,,,,,
4,5,6,4,4,4,5,4,6,4,5,6,4,4,3,5,5,4,4,5,6,6,5,4,4,5,6,5,5,4,5,3,6,7,5,2,4,3,6,2,5,4,1,3,4,5,5,4,5,1,2,2,5,6,5,6,3,6,2,4,4,4,5,1,2,1,1,3,4,2,1,4,1,3,4,1,2,1,2,2,2,3,2,5,6,4,5,5,5,4,6,4,5,6,5,5,4,5,5,4,5,5,6,6,5,4,4,5,6,5,5,4,5,4,6,7,6,2,5,3,6,2,6,4,1,3.0,4.0,5.0,5.0,5.0,5.0,1.0,2.0,2.0,6.0,6.0,6.0,6.0,3.0,6.0,2.0,4.0,4.0,4.0,6.0,1,2,1,1,3,4,2,1,4,1,3,4,1,2,1,3,2,2,2,2,,,,,,,,,,,,,,,,,,,,,,,,,,,,,,,,,,,,,,,,
5,5,6,4,4,5,5,5,6,4,6,6,4,4,3,5,5,4,4,5,6,6,5,4,5,5,6,6,5,4,6,4,6,7,6,2,4,3,6,1,5,4,1,5,3,3,4,6,5,1,1,2,6,5,6,6,2,6,3,2,4,3,6,1,1,1,1,3,4,1,1,4,1,3,3,1,2,1,3,2,2,3,3,6,6,5,5,6,6,6,6,5,6,6,5,5,4,6,6,5,5,6,6,6,6,5,6,6,6,6,6,5,6,5,6,7,7,2,5,3,6,1,6,5,1,6.0,3.0,3.0,4.0,6.0,6.0,1.0,1.0,1.0,6.0,5.0,6.0,6.0,2.0,6.0,3.0,2.0,4.0,3.0,6.0,1,1,1,1,3,4,1,1,4,1,3,3,1,2,2,3,2,1,2,2,,,,,,,,,,,,,,,,,,,,,,,,,,,,,,,,,,,,,,,,
6,6,6,4,4,4,5,5,4,4,5,6,4,4,3,4,5,5,3,4,6,5,5,5,5,4,6,5,5,4,6,4,6,6,4,2,4,3,5,1,6,3,1,4,2,4,3,5,6,1,1,1,5,6,6,5,3,6,3,2,4,4,5,2,2,1,2,3,3,1,1,4,1,3,3,1,2,1,3,2,2,2,1,6,6,4,4,4,5,5,4,4,5,6,4,4,3,4,5,5,3,4,6,5,5,5,5,4,6,5,5,4,6,4,6,6,4,2,5,3,5,1,6,3,1,4.0,2.0,4.0,3.0,5.0,6.0,1.0,1.0,1.0,5.0,6.0,6.0,5.0,3.0,6.0,3.0,2.0,4.0,4.0,5.0,2,2,1,2,3,3,1,1,4,1,3,3,1,2,1,3,2,2,2,1,,,,,,,,,,,,,,,,,,,,,,,,,,,,,,,,,,,,,,,,
7,5,6,4,4,4,5,5,5,4,5,6,4,5,3,5,5,5,4,5,6,6,5,5,5,5,6,5,5,4,6,4,6,7,5,2,4,3,6,1,7,3,1,4,3,4,3,5,5,1,1,1,5,6,5,5,2,6,3,3,4,5,5,2,2,2,1,3,3,2,1,4,1,3,3,1,2,1,3,2,2,3,2,5,6,4,4,4,5,5,5,4,5,6,4,5,3,5,5,5,4,5,6,6,5,5,5,5,6,5,5,4,6,4,6,7,5,2,4,3,6,1,7,3,1,4.0,3.0,4.0,3.0,5.0,5.0,1.0,1.0,1.0,5.0,6.0,5.0,5.0,2.0,6.0,3.0,3.0,4.0,5.0,5.0,2,2,2,1,3,3,2,1,4,1,3,3,1,2,1,3,2,2,3,2,,,,,,,,,,,,,,,,,,,,,,,,,,,,,,,,,,,,,,,,
8,6,6,4,4,5,5,4,5,4,5,6,4,5,4,5,5,4,4,5,6,6,5,4,4,5,6,5,5,4,5,4,6,7,5,2,4,2,5,1,6,4,1,6,4,4,3,6,6,1,1,1,6,6,6,6,1,6,3,3,4,3,6,1,1,2,1,3,3,1,1,4,1,3,4,1,2,1,2,2,2,3,2,6,6,4,5,5,5,4,5,4,5,6,4,5,4,5,5,4,4,5,6,6,5,4,4,5,6,5,5,4,5,4,6,7,5,2,4,2,5,1,6,4,1,,,,,,,,,,,,,,,,,,,,,1,1,2,1,3,3,1,1,4,1,3,4,1,2,1,3,2,2,2,2,,,,,,,,,,,,,,,,,,,,,,,,,,,,,,,,,,,,,,,,
9,5,6,4,2,3,5,4,5,3,4,5,3,2,2,4,5,4,4,3,6,6,5,3,4,3,6,5,4,3,5,3,6,7,2,1,4,3,5,1,4,5,3,5,3,4,5,3,5,1,2,1,5,6,6,5,3,6,2,4,4,3,5,2,2,2,2,4,4,1,1,4,1,3,3,1,2,1,2,3,3,3,3,5,6,5,2,3,5,4,5,4,4,5,3,3,3,5,5,4,5,4,6,6,5,3,4,4,6,5,5,4,5,3,6,7,2,1,4,3,5,1,4,5,3,6.0,3.0,4.0,5.0,3.0,5.0,1.0,2.0,1.0,5.0,6.0,6.0,5.0,3.0,6.0,2.0,4.0,4.0,3.0,5.0,2,2,2,2,4,4,1,1,4,1,3,3,1,2,1,2,3,2,3,2,,,,,,,,,,,,,,,,,,,,,,,,,,,,,,,,,,,,,,,,
10,6,6,4,5,5,5,6,6,4,6,6,5,5,4,6,5,5,5,6,6,6,5,5,5,6,6,6,6,4,6,4,6,7,6,3,5,4,7,2,6,5,1,4,3,5,4,5,5,1,1,2,6,6,6,5,2,6,3,3,4,4,6,1,1,1,1,3,3,1,1,4,1,3,3,1,2,1,2,3,2,3,2,6,6,5,6,6,6,6,6,5,6,6,5,6,5,6,6,5,5,6,6,6,6,5,5,6,6,6,6,5,6,5,6,7,6,3,6,4,7,3,6,5,1,4.0,3.0,5.0,4.0,5.0,5.0,1.0,1.0,2.0,6.0,6.0,6.0,5.0,2.0,6.0,3.0,3.0,4.0,4.0,6.0,1,1,1,1,3,3,1,1,4,1,3,3,1,2,1,3,2,2,2,2,,,,,,,,,,,,,,,,,,,,,,,,,,,,,,,,,,,,,,,,
11,6,6,4,5,5,6,5,5,4,6,6,4,5,4,5,5,5,5,5,6,6,5,4,5,5,6,6,6,5,6,5,6,7,5,2,4,3,5,1,5,4,1,5,2,3,4,5,6,1,1,1,6,6,6,6,1,6,2,2,4,4,6,1,1,1,1,3,3,1,1,4,1,3,2,1,2,1,2,2,2,3,3,6,6,4,5,5,6,5,5,4,6,6,4,5,4,5,5,5,5,5,6,6,5,4,5,5,6,6,6,5,6,5,6,7,6,2,5,3,5,1,6,4,1,5.0,2.0,3.0,4.0,5.0,6.0,1.0,1.0,1.0,6.0,6.0,6.0,6.0,1.0,6.0,2.0,2.0,4.0,4.0,6.0,1,1,1,1,3,3,1,1,4,1,3,2,1,2,1,3,2,2,3,2,,,,,,,,,,,,,,,,,,,,,,,,,,,,,,,,,,,,,,,,
12,6,6,4,5,5,5,5,6,3,5,6,4,5,3,4,5,5,4,5,6,6,5,4,5,5,6,5,6,4,5,3,6,7,4,2,3,2,5,1,6,4,3,5,3,4,5,6,5,1,1,1,6,6,6,6,2,6,3,3,4,3,6,1,1,2,2,4,4,1,1,4,1,3,3,1,2,1,3,2,2,3,3,6,6,4,5,5,5,5,6,3,5,6,4,5,3,4,5,5,4,5,6,6,5,4,5,5,6,5,6,4,5,3,6,7,5,2,3,2,6,1,6,4,3,5.0,3.0,4.0,5.0,6.0,5.0,1.0,1.0,1.0,6.0,6.0,6.0,6.0,2.0,6.0,3.0,3.0,4.0,3.0,6.0,1,1,2,2,4,4,1,1,4,1,3,3,1,3,1,3,2,2,2,2,,,,,,,,,,,,,,,,,,,,,,,,,,,,,,,,,,,,,,,,
13,6,6,4,3,5,5,5,6,3,5,6,4,4,3,4,5,5,4,5,6,6,5,4,5,5,6,5,5,4,6,4,6,7,5,2,4,3,5,1,7,4,1,5,3,3,4,5,5,1,1,1,5,6,6,5,2,6,3,3,4,3,5,1,1,2,1,3,4,2,1,4,1,3,3,1,1,1,3,2,2,3,2,6,6,4,4,5,5,5,6,4,5,6,4,5,4,5,5,5,4,5,6,6,5,4,5,5,6,5,5,4,6,4,6,7,6,2,5,3,5,1,7,4,1,5.0,3.0,3.0,4.0,6.0,5.0,1.0,1.0,1.0,5.0,6.0,6.0,5.0,2.0,6.0,3.0,3.0,4.0,3.0,5.0,1,1,2,1,3,4,2,1,4,1,3,3,1,2,1,3,2,2,3,2,,,,,,,,,,,,,,,,,,,,,,,,,,,,,,,,,,,,,,,,
14,6,6,4,5,5,5,5,6,4,6,6,4,4,3,5,5,5,4,5,6,6,5,5,5,5,6,6,6,4,6,4,6,7,6,2,5,4,6,1,5,4,1,6,2,3,3,5,5,1,1,1,6,5,6,6,2,6,3,2,4,3,5,1,1,1,1,3,3,1,1,4,1,3,3,1,1,1,2,2,2,3,2,6,6,4,5,5,5,5,6,4,6,6,4,5,4,5,5,5,4,5,6,6,5,5,5,5,6,6,6,4,6,4,6,7,6,2,6,4,6,1,5,4,1,6.0,2.0,3.0,2.0,5.0,5.0,1.0,1.0,1.0,6.0,5.0,6.0,6.0,2.0,6.0,3.0,2.0,4.0,3.0,5.0,1,1,1,1,3,3,1,1,4,1,3,3,1,1,1,3,2,2,2,2,,,,,,,,,,,,,,,,,,,,,,,,,,,,,,,,,,,,,,,,
15,6,6,4,5,5,5,4,5,4,5,6,4,4,3,5,5,4,4,5,6,6,5,5,4,5,6,5,5,4,5,3,6,7,5,2,4,3,5,1,6,4,3,4,3,5,4,5,5,1,2,1,5,5,6,6,3,5,3,3,4,4,6,1,2,2,1,4,4,1,1,4,1,3,4,1,2,1,2,3,3,3,3,6,6,5,5,5,5,4,5,4,5,6,4,4,3,5,5,4,4,5,6,6,5,5,4,5,6,5,5,4,5,3,6,7,5,2,5,3,5,1,6,4,3,4.0,3.0,5.0,4.0,5.0,5.0,1.0,2.0,1.0,5.0,5.0,6.0,6.0,3.0,5.0,3.0,3.0,4.0,4.0,6.0,1,2,2,1,4,4,1,1,4,1,3,4,1,2,1,2,3,3,3,2,,,,,,,,,,,,,,,,,,,,,,,,,,,,,,,,,,,,,,,,
16,6,6,4,5,5,5,5,6,4,5,6,4,5,4,5,5,5,4,5,6,6,5,5,5,5,6,6,6,4,6,4,6,7,5,2,4,3,5,1,6,3,4,6,3,4,5,6,5,1,1,1,6,5,5,5,2,6,2,3,3,4,6,1,2,1,1,3,3,1,1,4,1,3,2,1,2,1,2,3,2,3,2,6,6,5,6,5,5,5,6,5,5,6,5,5,5,6,5,5,5,6,6,6,5,5,6,6,6,6,6,5,6,5,6,7,6,2,4,3,5,1,6,3,4,6.0,3.0,4.0,5.0,6.0,5.0,1.0,1.0,1.0,6.0,5.0,5.0,5.0,2.0,6.0,3.0,3.0,3.0,4.0,6.0,1,2,1,1,3,3,1,1,4,1,3,2,1,2,1,2,2,1,2,1,,,,,,,,,,,,,,,,,,,,,,,,,,,,,,,,,,,,,,,,
17,6,6,5,5,4,5,6,6,4,5,6,4,4,3,5,5,5,4,5,6,6,5,5,5,4,6,5,5,4,6,3,6,7,6,2,4,3,5,1,6,4,1,5,3,4,3,5,5,1,1,1,6,6,6,6,2,6,2,3,4,4,6,1,2,2,1,3,4,1,1,4,1,3,2,1,1,1,2,2,2,3,2,6,6,5,5,4,5,6,6,4,5,6,4,4,3,5,5,5,4,5,6,6,5,5,5,4,6,5,5,4,6,3,6,7,6,2,5,3,6,1,6,4,1,5.0,3.0,4.0,3.0,5.0,5.0,1.0,1.0,1.0,6.0,6.0,6.0,6.0,2.0,6.0,2.0,3.0,4.0,4.0,6.0,1,2,2,1,3,4,1,1,4,1,3,2,1,1,1,2,2,2,2,2,,,,,,,,,,,,,,,,,,,,,,,,,,,,,,,,,,,,,,,,
18,5,6,4,5,4,5,4,6,4,5,5,4,5,3,5,5,4,4,5,6,6,5,4,4,5,6,5,5,4,5,3,6,6,4,2,4,3,5,1,6,4,3,4,3,3,4,5,5,1,2,2,6,5,5,5,3,6,3,3,4,4,5,2,1,3,1,4,4,1,2,4,1,3,3,1,2,1,2,3,2,3,2,5,6,4,5,5,5,4,6,4,5,5,4,5,3,5,5,4,4,5,6,6,5,4,4,5,6,5,5,4,5,3,6,6,5,2,5,3,5,1,6,4,3,4.0,3.0,3.0,4.0,5.0,5.0,1.0,2.0,2.0,6.0,5.0,5.0,5.0,3.0,6.0,3.0,3.0,4.0,4.0,5.0,2,1,3,1,4,4,1,2,4,1,3,3,1,2,1,3,3,2,2,2,,,,,,,,,,,,,,,,,,,,,,,,,,,,,,,,,,,,,,,,
19,5,6,4,5,4,5,4,5,4,5,6,3,4,3,5,4,4,5,5,6,6,5,4,4,5,6,6,5,4,5,4,6,7,4,2,4,3,5,1,5,4,3,5,2,4,4,5,5,1,1,1,5,5,5,5,2,6,2,3,4,2,5,1,1,2,1,3,4,1,1,4,1,3,3,1,2,1,3,2,2,2,2,5,6,4,5,4,5,4,5,4,5,6,3,4,3,5,4,4,5,5,6,6,5,4,4,5,6,6,5,4,5,4,6,7,4,2,5,3,6,1,5,4,3,5.0,2.0,4.0,4.0,5.0,5.0,1.0,1.0,1.0,5.0,5.0,5.0,5.0,2.0,6.0,2.0,3.0,4.0,2.0,5.0,1,1,2,1,3,4,1,1,4,1,3,3,1,2,1,3,2,2,2,2,1.0,2.0,1.0,3.0,2.0,2.0,2.0,2.0,1.0,2.0,1.0,3.0,2.0,2.0,2.0,2.0,1.0,2.0,1.0,3.0,2.0,2.0,2.0,2.0,1.0,2.0,1.0,3.0,2.0,2.0,2.0,2.0,1.0,2.0,1.0,3.0,2.0,2.0,2.0,2.0
20,6,6,4,5,5,6,5,6,4,5,6,4,5,4,5,6,4,5,5,6,6,5,4,4,5,6,6,6,4,5,4,6,7,4,2,5,3,5,2,6,4,1,5,3,4,4,3,4,1,1,1,5,5,6,5,2,6,3,3,4,2,5,1,1,1,1,3,4,1,1,4,1,3,3,1,2,1,3,2,2,2,1,6,6,4,5,5,6,5,6,4,5,6,4,5,4,5,6,4,5,5,6,6,5,4,4,5,6,6,6,4,5,4,6,7,5,2,5,3,5,2,6,4,1,5.0,3.0,4.0,4.0,3.0,4.0,1.0,1.0,1.0,5.0,5.0,6.0,5.0,2.0,6.0,3.0,3.0,4.0,2.0,5.0,1,1,1,1,3,4,1,1,4,1,3,3,1,2,1,3,2,2,2,1,,,,,,,,,,,,,,,,,,,,,,,,,,,,,,,,,,,,,,,,
21,5,6,4,5,4,5,4,6,4,5,6,4,5,3,4,5,4,4,5,6,6,4,4,4,5,6,5,5,4,5,3,6,7,4,2,4,3,5,1,6,4,1,4,3,4,4,5,6,1,2,2,5,5,5,5,3,5,3,3,4,4,5,1,1,2,1,3,3,1,1,3,1,3,3,1,1,1,2,2,2,3,2,5,6,4,5,4,5,4,6,4,5,6,4,5,3,4,5,4,4,5,6,6,4,4,4,5,6,5,5,4,5,3,6,7,5,2,4,3,5,1,6,4,1,4.0,3.0,4.0,4.0,5.0,6.0,1.0,2.0,2.0,5.0,5.0,5.0,5.0,3.0,5.0,3.0,3.0,4.0,4.0,5.0,1,1,2,1,3,3,1,1,3,1,3,3,1,1,1,2,2,2,2,2,,,,,,,,,,,,,,,,,,,,,,,,,,,,,,,,,,,,,,,,
22,6,6,5,5,6,6,5,5,4,6,6,4,5,3,5,5,4,4,5,6,6,6,5,5,5,6,6,5,4,6,4,6,7,5,2,4,3,5,1,4,3,4,6,3,4,4,6,6,1,1,2,6,6,6,6,2,6,3,2,4,2,6,1,2,1,1,4,4,1,1,4,1,3,3,1,2,1,2,3,2,3,3,6,6,5,5,6,6,5,5,4,6,6,4,5,3,5,5,4,4,5,6,6,6,5,5,5,6,6,5,4,6,4,6,7,6,2,4,3,5,1,4,3,4,6.0,3.0,4.0,4.0,6.0,6.0,1.0,1.0,2.0,6.0,6.0,6.0,6.0,2.0,6.0,3.0,2.0,4.0,2.0,6.0,1,2,1,1,4,4,1,1,4,1,3,3,1,2,1,3,2,2,2,2,,,,,,,,,,,,,,,,,,,,,,,,,,,,,,,,,,,,,,,,
23,6,6,4,5,4,5,4,6,4,5,6,4,5,3,5,5,4,4,5,6,6,5,5,5,5,6,5,5,4,6,4,6,7,6,2,4,3,5,1,6,4,1,5,3,4,3,5,5,1,1,2,5,6,5,5,3,6,3,4,3,4,5,1,1,2,1,3,3,2,1,4,2,3,4,1,2,1,2,3,2,3,2,6,6,4,5,4,5,4,6,4,5,6,4,5,3,5,5,4,4,5,6,6,5,5,5,5,6,5,5,4,6,4,6,7,7,2,4,3,6,1,6,5,1,5.0,3.0,4.0,3.0,5.0,5.0,1.0,1.0,2.0,5.0,6.0,5.0,5.0,3.0,6.0,3.0,4.0,3.0,4.0,5.0,1,1,2,1,3,3,2,1,4,2,3,4,1,2,1,3,2,2,2,2,,,,,,,,,,,,,,,,,,,,,,,,,,,,,,,,,,,,,,,,
24,6,6,4,5,5,6,5,6,4,6,6,4,5,4,5,5,5,5,5,6,6,6,5,6,5,6,6,6,5,6,5,6,7,6,2,4,3,5,1,7,4,1,6,3,4,3,6,6,1,2,1,6,6,6,6,1,6,2,3,5,5,6,1,2,2,1,3,4,1,1,4,1,3,4,1,2,1,1,2,2,3,3,6,6,5,5,5,6,5,6,4,6,6,4,5,4,5,5,5,5,5,6,6,6,5,6,5,6,6,6,5,6,5,6,7,7,2,5,3,5,1,7,4,1,6.0,3.0,4.0,3.0,6.0,6.0,1.0,2.0,1.0,6.0,6.0,6.0,6.0,1.0,6.0,2.0,3.0,5.0,5.0,6.0,1,2,2,1,3,4,1,1,4,1,3,4,1,3,1,2,2,2,3,2,,,,,,,,,,,,,,,,,,,,,,,,,,,,,,,,,,,,,,,,
25,6,6,4,5,6,6,5,6,4,5,6,4,5,3,5,5,4,4,5,6,6,6,4,5,5,6,6,5,4,6,3,6,7,5,2,4,2,5,1,4,3,2,2,5,6,5,2,1,1,1,1,2,6,6,6,2,6,2,3,4,4,6,1,2,1,1,3,3,1,1,4,1,3,4,1,1,1,2,2,2,3,2,6,6,5,5,6,6,5,6,5,5,6,4,5,4,5,5,4,4,5,6,6,6,4,5,5,6,6,5,4,6,3,6,7,6,2,4,2,5,1,5,4,2,2.0,5.0,6.0,5.0,2.0,1.0,1.0,1.0,1.0,2.0,6.0,6.0,6.0,2.0,6.0,2.0,3.0,4.0,4.0,6.0,1,2,1,1,3,3,1,1,4,1,3,4,1,1,1,3,2,2,2,2,,,,,,,,,,,,,,,,,,,,,,,,,,,,,,,,,,,,,,,,
26,6,6,4,5,5,4,5,6,4,5,6,4,5,4,5,5,4,5,5,6,6,5,5,5,5,6,5,5,4,6,4,6,7,6,4,5,3,5,2,6,4,1,5,3,4,4,4,5,2,1,1,5,6,6,5,2,6,3,3,4,3,5,1,1,2,1,4,4,1,1,4,1,3,3,1,2,1,2,3,2,2,3,6,6,4,5,5,4,5,6,4,5,6,4,5,4,5,5,4,5,5,6,6,5,5,5,5,6,5,5,4,6,4,6,7,6,4,5,3,5,2,6,4,1,5.0,3.0,4.0,4.0,4.0,5.0,2.0,1.0,1.0,5.0,6.0,6.0,5.0,2.0,6.0,3.0,3.0,4.0,3.0,5.0,1,1,2,1,4,4,1,1,4,1,3,3,2,3,2,3,2,1,1,2,,,,,,,,,,,,,,,,,,,,,,,,,,,,,,,,,,,,,,,,
27,6,6,5,5,6,6,6,6,5,6,6,5,5,5,6,6,5,5,6,6,6,6,5,6,6,6,6,6,5,6,5,6,7,5,3,4,3,6,3,5,5,1,6,2,3,2,6,6,1,1,1,6,6,6,6,1,6,2,2,4,1,6,1,1,1,1,2,3,1,1,4,1,3,3,1,2,1,3,3,2,3,2,6,6,5,5,6,6,6,6,5,6,6,5,5,5,6,6,5,5,6,6,6,6,5,6,6,6,6,6,5,6,5,6,7,5,3,4,3,6,3,5,5,1,6.0,2.0,3.0,2.0,6.0,6.0,1.0,1.0,1.0,6.0,6.0,6.0,6.0,1.0,6.0,2.0,2.0,4.0,1.0,6.0,1,1,1,1,2,3,1,1,4,1,3,3,1,2,1,3,2,1,2,2,,,,,,,,,,,,,,,,,,,,,,,,,,,,,,,,,,,,,,,,
28,6,6,4,5,5,6,5,6,4,6,6,4,5,3,5,6,5,4,5,6,6,6,4,5,5,6,6,6,4,6,4,6,7,4,2,5,3,5,1,7,4,3,5,3,4,4,6,5,1,2,1,6,5,5,5,2,6,2,3,4,3,6,1,1,2,1,3,4,1,1,4,1,3,3,1,2,1,2,3,2,3,2,6,6,5,6,5,6,5,6,5,6,6,5,6,4,6,6,5,5,6,6,6,6,5,5,6,6,6,6,4,6,4,6,7,5,2,6,3,5,1,7,4,3,6.0,2.0,4.0,4.0,6.0,6.0,1.0,2.0,1.0,6.0,5.0,5.0,5.0,2.0,6.0,2.0,3.0,4.0,3.0,6.0,1,1,2,1,3,4,1,1,4,1,3,3,1,3,2,3,2,1,2,1,,,,,,,,,,,,,,,,,,,,,,,,,,,,,,,,,,,,,,,,
29,5,6,4,5,4,6,5,6,4,6,6,4,5,4,5,6,5,5,5,6,6,5,4,5,5,6,6,5,5,6,4,6,7,6,3,4,2,5,1,7,3,1,4,4,4,4,4,4,1,1,1,6,6,6,6,2,6,2,4,4,3,6,1,1,1,1,3,4,1,1,4,1,3,3,1,2,1,2,3,2,3,2,5,6,4,5,5,6,5,6,4,6,6,4,5,4,5,6,5,5,5,6,6,5,4,5,5,6,6,5,5,6,4,6,7,6,3,4,2,5,1,7,3,1,4.0,4.0,4.0,4.0,4.0,4.0,1.0,1.0,1.0,6.0,6.0,6.0,6.0,2.0,6.0,2.0,4.0,4.0,3.0,6.0,1,1,1,1,3,4,1,1,4,1,3,3,1,2,1,3,3,2,3,2,,,,,,,,,,,,,,,,,,,,,,,,,,,,,,,,,,,,,,,,
30,6,6,5,5,5,6,6,6,5,6,6,5,5,4,5,6,5,5,5,6,6,5,5,6,5,6,6,5,5,6,5,6,7,7,3,5,2,6,3,6,4,1,6,3,2,4,6,6,1,1,1,6,6,6,6,2,6,2,1,4,5,5,1,1,2,1,4,4,1,1,4,1,3,3,1,2,1,3,2,1,2,2,6,6,5,6,6,6,6,6,5,6,6,6,6,5,6,6,6,6,6,6,6,6,6,6,6,6,6,6,6,6,6,6,7,7,3,6,2,6,3,6,4,1,1.0,2.0,3.0,5.0,6.0,6.0,1.0,1.0,1.0,6.0,6.0,6.0,6.0,1.0,6.0,1.0,1.0,3.0,6.0,6.0,1,1,1,1,3,3,1,1,4,1,3,3,1,2,2,3,2,1,2,2,,,,,,,,,,,,,,,,,,,,,,,,,,,,,,,,,,,,,,,,
31,6,6,4,5,6,6,6,6,5,6,6,5,5,4,5,6,5,4,5,6,6,6,5,6,5,6,6,5,5,6,5,6,7,6,3,4,3,5,2,7,4,1,6,2,4,3,6,6,1,1,1,6,6,6,6,2,6,2,3,4,6,6,1,1,1,1,3,4,2,1,4,1,3,4,1,2,1,2,2,1,2,1,6,6,4,6,6,6,6,6,5,6,6,5,5,4,5,6,5,4,5,6,6,6,5,6,5,6,6,5,5,6,5,6,7,7,3,5,3,5,2,7,5,1,6.0,2.0,4.0,3.0,6.0,6.0,1.0,1.0,1.0,6.0,6.0,6.0,6.0,2.0,6.0,2.0,3.0,4.0,6.0,6.0,1,1,1,1,3,4,2,1,4,1,3,4,1,2,2,2,1,1,1,1,,,,,,,,,,,,,,,,,,,,,,,,,,,,,,,,,,,,,,,,
32,6,6,4,5,5,5,4,5,4,6,6,4,5,3,5,6,4,4,5,6,6,5,4,5,5,6,6,6,4,6,3,6,7,5,2,4,3,5,1,6,4,3,5,3,4,3,6,6,1,1,1,6,6,6,6,2,6,3,2,5,1,6,2,1,1,1,3,4,1,1,4,1,3,3,1,2,1,2,2,2,3,2,6,6,4,5,5,5,4,5,4,6,6,4,5,3,5,6,4,4,5,6,6,5,4,5,5,6,6,6,4,6,3,6,7,5,2,4,3,5,1,6,4,3,5.0,3.0,4.0,3.0,6.0,6.0,1.0,1.0,1.0,6.0,6.0,6.0,6.0,2.0,6.0,3.0,2.0,5.0,1.0,6.0,2,1,1,1,3,4,1,1,4,1,3,3,1,2,1,3,2,2,3,2,,,,,,,,,,,,,,,,,,,,,,,,,,,,,,,,,,,,,,,,
33,5,6,4,5,4,6,4,6,4,5,6,3,5,3,5,5,4,4,5,6,6,5,4,4,5,6,6,6,4,5,4,6,7,5,2,3,4,5,1,4,6,1,4,1,3,4,5,5,1,1,2,5,6,5,5,3,6,3,3,4,4,5,1,1,2,1,3,4,1,1,4,1,3,2,1,2,1,3,3,2,2,3,5,6,4,6,5,6,4,6,4,5,6,4,6,3,6,6,4,5,5,6,6,5,4,5,6,6,6,6,5,5,5,6,7,6,2,3,5,5,1,4,6,1,4.0,1.0,3.0,4.0,5.0,5.0,1.0,1.0,2.0,5.0,6.0,5.0,5.0,3.0,6.0,3.0,3.0,4.0,4.0,5.0,1,1,2,1,3,4,1,1,4,1,3,2,1,2,1,3,2,2,2,2,,,,,,,,,,,,,,,,,,,,,,,,,,,,,,,,,,,,,,,,
34,6,6,4,4,5,5,5,6,4,5,6,4,4,3,5,5,5,4,5,6,6,5,4,5,4,6,5,5,4,6,4,6,7,5,2,4,3,5,1,4,3,4,6,2,1,3,6,6,1,1,1,6,6,6,6,2,6,3,3,4,4,6,1,2,1,1,4,4,1,1,4,1,3,1,1,2,1,2,3,2,3,3,6,6,4,5,5,5,5,6,4,5,6,4,5,3,5,5,5,4,5,6,6,5,4,5,5,6,5,5,4,6,4,6,7,6,2,4,3,5,1,4,3,4,6.0,2.0,1.0,3.0,6.0,6.0,1.0,1.0,1.0,6.0,6.0,6.0,6.0,2.0,6.0,3.0,3.0,4.0,4.0,6.0,1,2,1,1,4,4,1,1,4,1,3,1,1,2,1,3,2,2,2,2,,,,,,,,,,,,,,,,,,,,,,,,,,,,,,,,,,,,,,,,
35,6,6,5,5,6,6,5,6,5,6,6,5,5,5,6,6,5,5,6,6,6,6,5,6,6,6,6,6,5,6,5,6,7,6,2,5,3,5,3,4,4,1,6,3,4,3,6,6,1,1,1,6,6,6,6,1,6,2,2,4,5,6,1,1,1,1,4,4,1,1,3,1,3,3,1,2,1,2,3,2,3,2,6,6,5,5,6,6,5,6,5,6,6,5,5,5,6,6,5,5,6,6,6,6,5,6,6,6,6,6,5,6,5,6,7,6,2,6,3,6,3,4,5,1,6.0,3.0,4.0,3.0,6.0,6.0,1.0,1.0,1.0,6.0,6.0,6.0,6.0,1.0,6.0,2.0,2.0,4.0,5.0,6.0,1,1,1,1,4,4,1,1,3,1,3,3,1,2,1,2,3,2,3,2,,,,,,,,,,,,,,,,,,,,,,,,,,,,,,,,,,,,,,,,
36,5,6,4,5,4,5,5,6,4,6,6,4,5,3,5,5,5,4,5,6,6,5,4,5,5,6,5,5,4,6,4,6,7,5,4,4,2,6,1,6,3,1,5,3,4,4,6,6,1,1,1,6,5,6,5,2,6,3,4,3,3,6,1,1,2,1,3,3,1,1,4,1,3,3,1,2,1,2,3,3,3,4,6,6,4,5,5,6,5,6,4,6,6,5,5,3,5,5,5,4,5,6,6,5,5,5,5,6,5,5,4,6,4,6,7,6,4,4,2,6,1,6,3,1,5.0,3.0,4.0,4.0,6.0,6.0,1.0,1.0,1.0,6.0,5.0,6.0,5.0,2.0,6.0,3.0,4.0,3.0,3.0,6.0,1,1,2,1,3,3,1,1,4,1,3,3,1,2,1,2,2,3,3,3,,,,,,,,,,,,,,,,,,,,,,,,,,,,,,,,,,,,,,,,
37,6,6,4,5,4,6,5,6,3,5,6,4,4,2,5,5,4,3,5,6,6,5,4,5,5,6,6,6,3,6,2,6,7,5,2,4,3,5,1,4,4,3,5,3,4,5,3,5,1,2,1,6,5,6,5,3,6,3,2,4,4,6,1,2,3,2,3,4,2,1,4,1,3,3,1,2,1,2,3,2,3,3,6,6,4,5,5,6,5,6,4,5,6,5,5,3,5,6,5,4,6,6,6,5,5,6,6,6,6,6,4,6,3,6,7,6,2,5,3,5,1,4,4,3,5.0,3.0,4.0,5.0,3.0,5.0,1.0,2.0,1.0,6.0,5.0,6.0,5.0,3.0,6.0,3.0,2.0,4.0,4.0,6.0,1,2,3,2,3,4,2,1,4,1,3,3,1,2,1,2,2,2,2,2,,,,,,,,,,,,,,,,,,,,,,,,,,,,,,,,,,,,,,,,
38,6,6,4,5,5,6,6,6,5,6,6,5,4,4,5,5,5,5,5,6,6,5,5,6,5,6,6,5,5,6,5,6,7,5,2,4,2,6,2,6,4,3,5,3,4,3,5,6,1,1,2,6,6,6,6,2,6,2,2,3,4,6,1,1,2,1,4,4,1,1,3,1,4,3,1,2,1,3,2,2,3,2,6,6,5,5,5,6,6,6,5,6,6,5,5,5,5,5,5,5,5,6,6,5,5,6,5,6,6,5,5,6,5,6,7,5,2,5,2,6,2,6,4,4,5.0,3.0,4.0,3.0,5.0,6.0,1.0,1.0,2.0,6.0,6.0,6.0,6.0,2.0,6.0,2.0,2.0,3.0,4.0,6.0,1,1,2,1,4,4,1,1,3,1,4,3,1,2,1,3,2,1,2,2,,,,,,,,,,,,,,,,,,,,,,,,,,,,,,,,,,,,,,,,
39,6,6,4,5,5,5,6,6,4,5,6,4,5,3,4,5,5,4,5,6,6,5,4,5,4,6,5,6,4,6,4,6,7,5,2,3,3,4,1,5,4,3,5,3,4,4,5,5,1,1,2,5,6,6,6,2,6,2,3,4,3,6,1,1,2,1,3,4,1,1,4,1,3,4,1,2,1,2,3,2,3,3,6,6,5,6,5,5,6,6,5,5,6,4,5,4,5,5,5,5,6,6,6,5,5,5,5,6,5,6,5,6,5,6,7,6,2,4,3,4,1,6,4,3,6.0,3.0,4.0,4.0,6.0,6.0,1.0,1.0,2.0,6.0,6.0,6.0,6.0,2.0,6.0,2.0,3.0,4.0,3.0,6.0,1,1,2,1,3,4,1,1,4,1,3,4,1,2,2,2,2,2,2,2,,,,,,,,,,,,,,,,,,,,,,,,,,,,,,,,,,,,,,,,
40,6,6,4,5,5,5,5,6,4,5,6,4,5,4,5,5,5,5,5,6,6,5,4,5,5,6,6,6,4,5,4,6,7,5,2,4,3,4,3,5,3,1,5,3,3,3,5,5,1,1,2,5,6,5,5,1,6,3,2,3,3,5,1,1,2,1,4,4,1,1,4,1,3,4,1,1,1,1,4,4,4,4,6,6,4,4,5,4,5,6,4,4,6,4,4,3,4,4,5,4,4,6,6,5,4,5,4,6,5,6,3,5,3,6,7,5,2,4,3,4,3,5,3,1,5.0,3.0,3.0,3.0,5.0,5.0,1.0,1.0,2.0,5.0,6.0,5.0,5.0,1.0,6.0,3.0,2.0,3.0,3.0,5.0,1,1,2,1,4,4,1,1,4,1,3,4,1,1,1,2,3,3,3,3,,,,,,,,,,,,,,,,,,,,,,,,,,,,,,,,,,,,,,,,
41,4,6,3,5,4,5,4,6,3,5,6,4,4,2,5,5,4,4,5,6,6,5,4,4,4,6,6,5,3,5,3,6,7,5,2,4,1,5,2,4,3,1,5,3,4,4,5,6,1,2,2,5,6,6,5,2,6,3,3,4,5,6,1,1,1,1,3,4,1,1,4,1,3,3,1,2,1,2,2,2,3,3,5,6,4,5,5,5,4,6,4,5,6,5,5,3,5,5,4,5,5,6,6,5,5,5,5,6,6,5,4,5,3,6,7,6,2,5,1,6,3,5,4,1,5.0,2.0,3.0,3.0,6.0,6.0,1.0,1.0,2.0,6.0,6.0,6.0,5.0,1.0,6.0,4.0,2.0,4.0,5.0,6.0,1,1,1,1,3,3,1,1,4,1,3,3,1,2,1,3,2,1,2,2,,,,,,,,,,,,,,,,,,,,,,,,,,,,,,,,,,,,,,,,
42,6,6,4,5,5,5,5,6,4,5,6,4,5,4,5,5,4,4,5,6,6,5,4,5,5,6,5,6,4,6,4,6,7,5,2,4,3,5,1,5,4,1,6,3,4,4,5,6,1,1,1,6,6,6,6,2,6,2,3,4,3,6,1,1,2,1,3,3,1,1,4,1,3,4,1,2,1,3,2,2,2,2,6,6,5,5,5,5,5,6,5,5,6,4,5,4,5,5,4,4,5,6,6,5,4,5,5,6,5,6,4,6,4,6,7,6,2,5,3,5,1,6,4,1,6.0,3.0,4.0,4.0,5.0,6.0,1.0,1.0,1.0,6.0,6.0,6.0,6.0,2.0,6.0,2.0,3.0,4.0,3.0,6.0,1,1,2,1,3,3,1,1,4,1,3,4,1,2,1,3,2,2,2,2,,,,,,,,,,,,,,,,,,,,,,,,,,,,,,,,,,,,,,,,
43,4,6,3,5,4,5,5,6,3,5,6,4,4,3,5,5,4,4,5,6,6,5,4,4,5,6,5,5,3,5,3,6,7,5,2,4,3,5,1,5,4,3,4,3,4,3,5,5,1,2,1,5,5,5,5,3,6,3,2,4,4,5,1,2,1,1,3,3,1,1,4,1,3,2,1,2,1,2,2,2,2,3,4,6,4,4,4,5,5,6,3,5,6,4,4,3,5,5,4,4,5,6,6,5,4,4,5,6,5,5,3,5,3,6,7,6,2,5,3,5,1,5,4,3,4.0,3.0,4.0,3.0,6.0,5.0,1.0,2.0,1.0,5.0,5.0,5.0,5.0,3.0,6.0,3.0,2.0,4.0,4.0,6.0,1,2,1,1,2,3,1,1,4,1,3,2,1,2,1,2,2,2,2,2,,,,,,,,,,,,,,,,,,,,,,,,,,,,,,,,,,,,,,,,
44,5,6,4,4,4,5,4,6,4,5,6,4,5,4,5,5,4,5,5,6,6,5,4,4,5,6,6,5,5,5,5,6,7,5,2,4,3,5,1,6,4,1,5,3,2,4,6,5,1,1,2,6,5,5,5,2,6,3,3,4,3,5,1,1,2,1,3,3,1,1,4,1,3,4,1,2,1,2,3,2,3,2,5,6,5,5,5,5,4,6,4,6,6,5,5,4,5,5,5,5,5,6,6,5,5,5,5,6,6,5,5,5,5,6,7,6,2,5,3,6,1,6,4,1,6.0,3.0,2.0,4.0,6.0,6.0,1.0,1.0,2.0,6.0,6.0,6.0,6.0,2.0,6.0,3.0,3.0,4.0,3.0,6.0,1,1,2,1,2,3,1,1,4,1,3,4,1,2,1,2,2,1,2,2,,,,,,,,,,,,,,,,,,,,,,,,,,,,,,,,,,,,,,,,
45,5,6,4,5,5,5,4,6,4,5,6,4,5,4,5,5,4,5,6,6,6,5,4,4,5,6,5,6,4,5,4,6,7,4,2,3,3,5,1,4,3,1,3,3,4,4,5,6,1,1,1,5,6,6,5,2,6,2,2,4,4,5,1,1,2,1,3,3,1,1,3,1,3,4,1,2,2,3,2,1,2,1,5,6,4,5,5,5,4,6,4,5,6,4,5,4,5,5,4,5,6,6,6,5,4,4,5,6,5,6,4,5,4,6,7,5,2,3,3,5,1,4,3,1,3.0,3.0,4.0,4.0,5.0,6.0,1.0,1.0,1.0,5.0,6.0,6.0,5.0,2.0,6.0,2.0,2.0,4.0,4.0,5.0,1,1,2,1,3,3,1,1,3,1,3,4,1,3,2,3,2,1,2,1,,,,,,,,,,,,,,,,,,,,,,,,,,,,,,,,,,,,,,,,
46,6,6,4,5,5,6,5,6,4,5,6,4,5,4,5,5,5,5,5,6,6,5,5,5,5,6,6,6,5,6,5,6,7,6,3,5,5,4,2,7,4,1,6,3,2,4,6,6,1,1,1,6,6,6,6,2,6,3,3,4,4,6,1,1,1,1,3,3,1,1,4,1,3,4,1,2,1,2,3,2,3,3,6,6,5,6,5,6,5,6,5,5,6,4,5,5,6,5,5,5,5,6,6,5,5,5,6,6,6,6,5,6,5,6,7,6,3,5,5,4,2,7,4,1,6.0,3.0,2.0,4.0,6.0,6.0,1.0,1.0,1.0,6.0,6.0,6.0,6.0,2.0,6.0,3.0,3.0,4.0,4.0,6.0,1,1,1,1,3,3,1,1,4,1,3,4,1,2,1,2,3,2,3,3,,,,,,,,,,,,,,,,,,,,,,,,,,,,,,,,,,,,,,,,
47,6,6,4,5,3,4,6,6,4,5,6,4,5,4,5,5,5,5,5,6,6,4,4,5,6,6,5,5,4,6,4,6,7,6,2,4,3,4,1,6,3,1,5,3,3,4,6,6,1,1,1,6,6,5,6,2,6,1,2,4,1,6,1,2,1,1,3,3,1,1,4,1,3,3,1,2,1,2,3,2,3,2,6,6,5,6,4,5,6,6,5,5,6,5,6,5,6,6,6,6,6,6,6,5,5,6,6,6,6,6,5,6,5,6,7,6,2,4,3,5,1,6,4,1,6.0,3.0,2.0,4.0,6.0,6.0,1.0,1.0,1.0,6.0,6.0,6.0,6.0,1.0,6.0,1.0,2.0,4.0,1.0,6.0,1,2,1,1,3,3,1,1,4,1,3,3,1,2,1,2,3,2,3,2,,,,,,,,,,,,,,,,,,,,,,,,,,,,,,,,,,,,,,,,
48,6,6,4,5,5,6,5,6,4,5,6,4,5,3,4,5,4,5,6,6,6,5,4,5,5,6,6,5,4,6,4,6,7,5,2,4,3,6,1,6,4,1,5,3,3,4,4,5,1,1,1,5,6,6,6,2,6,3,3,4,4,6,1,2,2,1,4,4,1,1,3,1,3,3,1,2,1,2,3,3,4,3,6,5,5,5,6,6,5,5,5,6,6,5,5,4,5,6,5,5,6,5,5,6,5,6,5,5,6,6,5,6,5,5,7,6,2,5,4,6,1,7,5,1,5.0,3.0,3.0,3.0,4.0,5.0,1.0,1.0,1.0,5.0,6.0,6.0,6.0,2.0,6.0,3.0,3.0,4.0,4.0,6.0,1,2,2,1,3,4,1,1,4,1,3,3,2,2,1,2,3,2,3,2,,,,,,,,,,,,,,,,,,,,,,,,,,,,,,,,,,,,,,,,
49,6,6,4,5,4,5,5,6,4,5,6,4,5,4,5,5,5,5,6,6,6,5,5,5,5,6,5,6,4,6,4,6,7,6,4,5,3,6,2,7,5,1,5,3,4,4,6,6,1,1,1,6,6,6,5,2,6,2,3,4,5,6,1,1,1,1,4,4,1,1,4,1,3,4,1,1,1,3,2,2,2,3,6,6,5,5,5,5,5,6,5,5,6,4,5,4,5,5,5,5,6,6,6,5,5,5,5,6,5,6,5,6,5,6,7,7,5,6,3,6,3,7,5,1,6.0,3.0,4.0,4.0,6.0,6.0,1.0,1.0,1.0,6.0,6.0,6.0,5.0,2.0,6.0,2.0,4.0,4.0,5.0,6.0,1,1,1,1,4,4,1,1,4,1,3,4,1,2,1,3,2,2,2,2,,,,,,,,,,,,,,,,,,,,,,,,,,,,,,,,,,,,,,,,
50,6,6,4,5,5,5,5,6,4,6,6,4,5,3,5,5,4,4,5,6,6,5,4,5,5,6,6,6,4,6,4,6,7,5,2,4,3,6,3,7,4,1,2,5,6,5,3,2,1,1,1,2,5,2,2,1,5,2,3,4,6,2,1,1,2,1,3,4,1,1,4,1,4,3,1,2,1,3,2,2,3,2,6,6,4,5,5,5,5,6,4,6,6,4,5,3,5,5,4,4,5,6,6,5,4,5,5,6,6,6,4,6,4,6,7,5,2,4,3,6,3,7,4,1,2.0,5.0,6.0,5.0,3.0,2.0,1.0,1.0,1.0,2.0,5.0,2.0,2.0,1.0,5.0,2.0,3.0,4.0,6.0,2.0,1,1,2,1,3,4,1,1,4,1,4,3,1,2,1,3,2,2,2,2,,,,,,,,,,,,,,,,,,,,,,,,,,,,,,,,,,,,,,,,
51,6,6,4,5,4,5,5,6,4,5,6,4,5,3,5,5,5,4,6,6,6,5,5,5,5,6,6,6,4,6,4,6,7,5,2,4,3,5,1,6,4,1,6,4,5,5,4,5,1,1,2,6,6,6,6,3,6,3,4,4,4,6,1,1,2,1,3,4,1,1,4,1,3,4,1,2,1,2,3,2,3,3,6,6,5,5,4,5,5,6,5,5,6,4,5,3,5,5,5,4,6,6,6,5,5,5,5,6,6,6,5,6,4,6,7,6,2,5,3,5,1,6,4,1,6.0,4.0,5.0,5.0,4.0,5.0,1.0,1.0,2.0,6.0,6.0,6.0,6.0,3.0,6.0,3.0,4.0,4.0,4.0,6.0,1,1,2,1,3,4,1,1,4,1,3,4,1,2,1,3,2,1,2,2,,,,,,,,,,,,,,,,,,,,,,,,,,,,,,,,,,,,,,,,
52,6,6,4,5,5,6,5,6,4,6,6,4,5,4,6,5,5,5,5,6,6,5,4,5,5,6,6,6,4,6,4,6,7,5,3,4,2,5,1,6,4,1,6,3,4,3,5,6,1,1,1,6,6,6,6,1,6,2,3,3,4,6,1,1,1,1,3,3,1,1,4,1,3,3,1,1,1,3,2,2,2,2,6,6,5,6,6,6,5,6,5,6,6,5,6,5,6,6,5,6,6,6,6,6,5,6,6,6,6,6,5,6,5,6,7,6,4,4,2,5,1,6,4,1,6.0,3.0,4.0,3.0,6.0,6.0,1.0,1.0,1.0,6.0,6.0,6.0,6.0,1.0,6.0,2.0,3.0,3.0,4.0,6.0,1,1,1,1,3,3,1,1,4,1,3,3,2,2,2,3,2,1,2,2,,,,,,,,,,,,,,,,,,,,,,,,,,,,,,,,,,,,,,,,
53,6,6,4,5,5,6,5,6,4,5,6,4,5,4,5,5,4,5,6,6,6,5,4,5,5,6,6,6,5,5,4,6,7,5,2,4,3,5,1,4,4,2,6,3,4,3,5,5,1,1,1,6,6,6,5,1,6,2,2,4,2,5,1,1,2,1,3,3,1,1,4,1,3,3,1,2,2,1,3,3,3,3,6,6,5,5,5,6,5,6,5,5,6,4,5,5,6,5,4,5,6,6,6,5,4,5,6,6,6,6,5,5,5,6,7,6,2,5,3,5,1,4,4,2,6.0,3.0,4.0,3.0,6.0,5.0,1.0,1.0,1.0,6.0,6.0,6.0,5.0,1.0,6.0,2.0,2.0,4.0,2.0,5.0,1,1,2,1,3,3,1,1,4,1,3,3,1,3,2,2,2,2,2,2,,,,,,,,,,,,,,,,,,,,,,,,,,,,,,,,,,,,,,,,
54,6,6,4,5,5,5,5,6,4,5,6,4,5,4,5,5,5,4,5,6,6,5,5,5,5,6,6,5,4,6,4,6,7,6,3,5,4,5,3,6,4,1,5,2,3,4,6,6,1,1,2,6,6,6,5,1,5,2,3,4,2,5,1,2,1,1,3,4,1,1,4,1,3,3,1,2,1,3,2,2,2,2,6,6,5,6,5,5,5,6,5,5,6,5,6,5,6,5,5,5,6,6,6,6,5,5,6,6,6,6,5,6,5,6,7,7,3,6,4,5,3,7,4,1,6.0,1.0,2.0,3.0,6.0,6.0,1.0,1.0,1.0,6.0,6.0,6.0,5.0,1.0,5.0,2.0,3.0,4.0,2.0,5.0,1,1,1,1,2,3,1,1,4,1,3,3,2,2,2,3,1,1,1,1,,,,,,,,,,,,,,,,,,,,,,,,,,,,,,,,,,,,,,,,
55,5,6,4,5,4,6,5,6,4,5,6,4,5,3,5,5,5,4,5,6,6,4,5,5,5,6,6,6,4,5,4,6,7,5,2,3,3,5,4,6,5,1,4,3,4,3,6,6,1,1,1,6,6,6,5,2,6,2,3,4,3,6,1,2,1,1,3,4,1,1,4,1,3,4,1,2,1,3,2,2,3,2,5,6,4,5,4,6,5,6,4,5,6,4,5,3,5,5,5,4,5,6,6,4,5,5,5,6,6,6,4,5,4,6,7,6,2,4,3,5,4,6,5,1,4.0,3.0,4.0,3.0,6.0,6.0,1.0,1.0,1.0,6.0,6.0,6.0,5.0,2.0,6.0,2.0,3.0,4.0,3.0,6.0,1,2,1,1,3,4,1,1,4,1,3,4,1,2,1,3,2,2,2,2,,,,,,,,,,,,,,,,,,,,,,,,,,,,,,,,,,,,,,,,
56,6,6,4,5,5,5,5,6,4,5,6,4,4,4,5,5,5,5,5,6,6,5,4,5,5,6,5,6,4,6,4,6,7,5,2,4,3,5,1,4,3,1,6,3,3,4,6,6,1,1,1,6,6,6,6,2,6,3,3,5,4,6,1,1,2,1,3,3,1,1,4,2,4,3,1,1,1,2,2,2,2,2,6,6,4,5,5,5,5,6,5,5,6,4,5,4,5,5,5,5,6,6,6,5,4,5,6,6,5,6,5,6,5,6,7,6,2,5,3,6,1,4,4,1,6.0,2.0,3.0,3.0,6.0,6.0,1.0,1.0,1.0,6.0,6.0,6.0,6.0,2.0,6.0,4.0,2.0,5.0,5.0,6.0,1,1,2,1,3,3,1,1,4,2,4,3,1,1,1,3,2,2,2,2,,,,,,,,,,,,,,,,,,,,,,,,,,,,,,,,,,,,,,,,
57,6,6,4,5,5,5,4,6,4,5,6,4,5,3,5,5,4,4,5,6,6,5,4,4,5,6,5,5,4,5,4,6,7,4,2,3,1,5,1,6,4,1,5,3,4,3,5,5,1,1,2,5,5,6,5,2,5,3,3,4,4,5,2,1,2,1,3,4,2,1,4,1,3,3,1,2,1,3,2,2,3,2,6,6,4,5,5,5,4,6,4,5,6,4,5,3,5,5,4,4,5,6,6,5,4,4,5,6,5,5,4,5,4,6,7,5,3,4,1,5,1,6,4,1,5.0,3.0,4.0,3.0,5.0,5.0,1.0,1.0,2.0,5.0,5.0,6.0,5.0,2.0,5.0,3.0,3.0,4.0,4.0,5.0,2,1,2,1,3,4,2,1,4,1,3,3,1,3,1,4,2,2,2,2,,,,,,,,,,,,,,,,,,,,,,,,,,,,,,,,,,,,,,,,
58,6,6,4,5,5,5,5,6,4,6,6,4,5,4,5,5,5,4,5,6,6,5,5,5,5,6,5,6,4,6,4,6,7,6,2,4,2,4,1,3,5,3,2,4,6,4,3,3,1,1,1,2,6,6,5,2,6,2,4,5,3,6,1,1,1,1,3,4,1,1,4,1,3,4,1,2,1,3,2,2,2,1,6,6,5,5,5,5,5,6,4,6,6,4,5,4,5,5,5,4,5,6,6,5,5,5,5,6,5,6,4,6,4,6,7,6,2,5,2,5,1,3,5,4,2.0,4.0,6.0,4.0,3.0,3.0,1.0,1.0,1.0,2.0,6.0,6.0,5.0,2.0,6.0,2.0,4.0,5.0,3.0,6.0,1,1,1,1,3,4,1,1,4,1,3,4,1,3,1,4,2,1,1,1,,,,,,,,,,,,,,,,,,,,,,,,,,,,,,,,,,,,,,,,
59,6,6,4,5,5,5,5,5,4,5,6,4,4,4,5,5,5,4,5,6,6,5,5,4,4,6,6,5,4,6,4,6,7,5,2,4,2,3,1,5,3,4,5,2,2,4,4,5,1,1,1,6,6,6,6,2,6,2,1,4,2,6,1,2,2,1,4,4,1,1,4,1,3,3,1,2,1,2,3,3,3,2,6,6,4,5,5,5,5,5,4,5,6,4,5,4,5,5,5,4,5,6,6,5,5,4,5,6,6,5,4,6,4,6,7,5,2,5,2,4,1,5,4,3,5.0,2.0,2.0,4.0,5.0,5.0,1.0,1.0,1.0,6.0,6.0,6.0,6.0,2.0,6.0,2.0,1.0,4.0,2.0,6.0,1,2,2,1,4,4,1,1,4,1,3,3,1,2,1,3,3,3,3,3,,,,,,,,,,,,,,,,,,,,,,,,,,,,,,,,,,,,,,,,
60,6,6,4,5,4,5,5,6,4,5,6,4,5,3,5,5,4,4,6,6,6,5,5,5,5,6,5,6,4,6,4,6,7,5,2,4,3,5,1,6,4,1,5,3,3,2,6,6,1,1,2,6,6,6,5,2,6,3,3,4,4,6,1,1,1,1,3,4,1,1,4,1,3,4,1,2,1,2,3,2,3,3,6,6,4,5,4,5,5,6,4,5,6,4,5,3,5,5,4,4,6,6,6,5,5,5,5,6,5,6,4,6,4,6,7,6,2,4,3,5,1,6,4,1,5.0,3.0,3.0,2.0,6.0,6.0,1.0,1.0,2.0,6.0,6.0,6.0,5.0,2.0,6.0,3.0,3.0,4.0,4.0,6.0,1,1,1,1,3,4,1,1,4,1,3,4,1,2,1,2,3,2,3,2,,,,,,,,,,,,,,,,,,,,,,,,,,,,,,,,,,,,,,,,
61,5,6,4,5,4,5,4,6,4,5,6,3,5,3,5,5,4,4,5,6,6,5,4,5,5,6,5,6,4,5,4,6,7,5,2,4,3,5,1,4,5,2,5,3,4,3,5,5,1,1,2,6,6,6,5,2,6,3,4,4,5,5,1,1,1,1,3,3,1,1,4,1,3,3,1,2,1,2,3,2,3,3,5,6,4,5,4,5,4,6,4,5,6,3,5,3,5,5,4,4,5,6,6,5,4,5,5,6,5,6,4,5,4,6,7,5,2,4,3,5,1,4,5,2,5.0,3.0,4.0,3.0,5.0,5.0,1.0,1.0,2.0,6.0,6.0,6.0,5.0,2.0,6.0,3.0,4.0,4.0,5.0,5.0,1,1,1,1,3,3,1,1,4,1,3,3,1,2,1,2,3,2,3,2,,,,,,,,,,,,,,,,,,,,,,,,,,,,,,,,,,,,,,,,
62,6,6,4,5,5,4,5,6,3,5,6,4,5,3,5,5,4,4,5,6,6,5,4,5,5,6,5,6,4,5,4,6,7,5,2,4,3,5,3,6,4,3,5,3,4,4,6,6,1,1,2,6,6,6,6,2,6,2,3,4,3,6,2,2,1,1,4,4,1,1,4,1,3,4,1,2,1,2,3,2,3,2,6,6,4,5,5,4,5,6,3,5,6,4,5,3,5,5,4,4,5,6,6,5,4,5,5,6,5,6,4,5,4,6,7,6,2,5,4,6,3,6,4,3,5.0,3.0,4.0,4.0,6.0,6.0,1.0,1.0,2.0,6.0,6.0,6.0,6.0,2.0,6.0,2.0,3.0,4.0,3.0,6.0,2,2,1,1,4,4,1,1,4,1,3,4,1,2,1,2,3,2,3,2,,,,,,,,,,,,,,,,,,,,,,,,,,,,,,,,,,,,,,,,
63,6,6,4,5,5,5,5,6,4,5,6,4,5,3,5,5,4,4,5,6,6,5,5,5,5,6,5,5,4,6,4,6,7,5,2,4,3,5,1,5,4,1,5,3,4,3,5,5,1,1,1,6,5,6,5,2,6,2,3,4,6,5,1,1,1,1,3,3,1,1,4,1,3,2,1,1,1,3,2,2,2,2,6,6,5,6,5,6,5,6,5,6,6,5,5,4,6,6,4,5,6,6,6,6,6,5,6,6,6,6,5,6,5,6,7,6,2,5,3,6,1,6,4,1,5.0,3.0,4.0,3.0,5.0,5.0,1.0,1.0,1.0,6.0,5.0,6.0,5.0,2.0,6.0,2.0,3.0,4.0,6.0,5.0,1,1,1,1,3,3,1,1,4,1,3,2,1,1,1,3,2,2,2,2,,,,,,,,,,,,,,,,,,,,,,,,,,,,,,,,,,,,,,,,
64,5,6,4,5,5,4,4,5,4,5,6,4,5,4,5,5,4,5,5,6,6,5,4,4,5,6,5,6,5,5,5,6,7,5,2,4,3,5,2,6,4,1,5,2,4,4,5,5,1,1,1,6,5,6,6,1,6,2,3,4,4,5,1,1,1,1,3,3,1,1,4,1,3,2,1,2,1,3,2,1,2,1,5,6,4,5,5,4,4,5,4,5,6,4,5,4,5,5,4,5,5,6,6,5,4,4,5,6,5,6,5,5,5,6,7,6,2,5,3,5,2,6,4,1,5.0,2.0,4.0,4.0,5.0,5.0,1.0,1.0,1.0,6.0,5.0,6.0,6.0,1.0,6.0,2.0,3.0,4.0,4.0,5.0,1,1,1,1,3,3,1,1,4,1,3,2,1,2,1,3,2,1,2,1,,,,,,,,,,,,,,,,,,,,,,,,,,,,,,,,,,,,,,,,
65,6,6,5,5,6,6,5,5,5,6,6,4,5,4,6,5,4,5,5,6,6,6,5,5,5,6,6,6,5,6,5,6,7,5,2,4,3,5,1,6,4,3,6,3,4,4,6,6,1,1,1,6,6,6,6,2,6,2,3,4,4,6,1,1,1,1,3,3,1,1,4,1,3,4,1,2,1,2,2,2,3,2,6,6,5,5,6,6,5,5,5,6,6,4,5,4,6,5,4,5,5,6,6,6,5,5,5,6,6,6,5,6,5,6,7,6,2,5,3,5,1,6,4,3,6.0,3.0,4.0,4.0,6.0,6.0,1.0,1.0,1.0,6.0,6.0,6.0,6.0,2.0,6.0,2.0,3.0,4.0,4.0,6.0,1,1,1,1,3,3,1,1,4,1,3,4,2,2,1,3,2,2,3,2,,,,,,,,,,,,,,,,,,,,,,,,,,,,,,,,,,,,,,,,
66,5,6,4,5,4,5,4,6,4,5,6,3,4,3,5,5,4,4,5,6,6,5,4,4,5,6,5,6,4,5,4,6,7,4,2,3,2,3,1,4,3,4,6,1,3,4,6,6,1,1,1,6,5,6,5,1,6,3,3,4,5,6,2,2,2,1,3,4,1,1,4,1,3,3,1,2,1,3,3,2,2,2,5,6,4,5,4,5,4,6,4,5,6,3,4,3,5,5,4,4,5,6,6,5,4,4,5,6,5,6,4,5,4,6,7,4,2,4,2,3,1,5,3,3,6.0,1.0,3.0,4.0,6.0,6.0,1.0,1.0,1.0,6.0,5.0,6.0,5.0,1.0,6.0,3.0,3.0,4.0,5.0,6.0,2,2,2,1,3,4,1,1,4,1,3,3,1,2,1,3,3,2,2,2,,,,,,,,,,,,,,,,,,,,,,,,,,,,,,,,,,,,,,,,
67,6,6,4,5,4,5,5,6,4,5,6,4,5,4,5,5,5,5,5,6,6,5,5,5,5,6,6,5,4,6,4,6,7,5,2,4,3,5,1,6,4,3,6,3,1,2,6,6,1,1,1,6,6,6,6,3,6,2,3,4,5,6,1,2,2,1,4,4,1,1,4,2,3,4,1,2,1,3,2,2,2,3,6,6,5,5,4,5,5,6,5,5,6,4,5,5,6,5,5,5,5,6,6,6,5,5,6,6,6,5,5,6,5,6,7,5,2,4,3,5,1,6,4,3,6.0,3.0,1.0,2.0,6.0,6.0,1.0,1.0,1.0,6.0,6.0,6.0,6.0,3.0,6.0,2.0,3.0,4.0,5.0,6.0,1,2,2,1,4,4,1,1,4,2,3,4,2,3,2,3,2,2,2,2,,,,,,,,,,,,,,,,,,,,,,,,,,,,,,,,,,,,,,,,
68,6,6,4,4,5,5,5,6,4,5,6,4,5,4,5,5,5,4,5,6,6,5,4,4,5,6,5,5,4,5,4,6,7,5,2,4,2,3,3,6,4,3,5,3,2,4,6,6,1,1,1,6,5,6,5,2,6,3,3,4,4,6,2,3,2,1,4,4,1,1,4,1,3,2,1,2,1,3,2,2,3,2,6,6,4,5,5,5,5,6,4,5,6,4,5,4,5,5,5,4,5,6,6,5,4,4,5,6,5,5,4,5,4,6,7,6,2,5,2,4,3,6,4,3,5.0,3.0,2.0,4.0,6.0,6.0,1.0,1.0,1.0,6.0,5.0,6.0,5.0,2.0,6.0,3.0,3.0,4.0,4.0,6.0,2,3,2,1,4,4,1,1,4,1,3,2,2,3,1,4,1,1,2,1,,,,,,,,,,,,,,,,,,,,,,,,,,,,,,,,,,,,,,,,
69,6,6,4,5,5,6,5,6,4,6,6,4,5,3,5,5,5,4,5,6,6,6,5,5,5,6,6,6,4,6,3,6,7,5,2,4,3,5,1,6,4,1,6,3,3,4,5,5,1,2,2,6,6,6,5,2,6,3,3,5,4,6,1,2,2,1,4,4,1,1,4,1,3,1,1,1,1,2,2,2,3,3,6,6,4,5,5,6,5,6,4,6,6,4,5,4,5,5,5,4,5,6,6,6,5,5,5,6,6,6,4,6,4,6,7,6,2,5,3,6,1,6,4,1,6.0,3.0,3.0,4.0,5.0,5.0,1.0,2.0,2.0,6.0,6.0,6.0,5.0,2.0,6.0,3.0,3.0,5.0,4.0,6.0,1,2,2,1,4,4,1,1,4,1,3,1,1,1,1,3,2,2,2,2,,,,,,,,,,,,,,,,,,,,,,,,,,,,,,,,,,,,,,,,
70,5,6,4,5,4,6,5,6,4,5,6,4,5,3,5,5,4,4,5,6,6,5,4,5,5,6,6,5,4,6,3,6,7,5,2,4,3,5,1,6,4,3,5,3,4,4,5,5,1,1,1,6,6,5,5,1,6,3,3,4,3,5,1,1,1,1,3,4,2,1,4,1,3,2,1,2,1,2,2,2,2,2,5,6,4,5,4,6,5,6,4,5,6,4,5,3,5,5,4,4,5,6,6,5,4,5,5,6,6,5,4,6,3,6,7,5,2,5,3,5,1,6,4,3,5.0,3.0,4.0,4.0,5.0,5.0,1.0,1.0,1.0,6.0,6.0,5.0,5.0,1.0,6.0,3.0,3.0,4.0,3.0,5.0,1,1,1,1,3,4,2,1,4,1,3,2,2,2,2,3,2,1,2,1,,,,,,,,,,,,,,,,,,,,,,,,,,,,,,,,,,,,,,,,
71,6,6,4,5,6,6,4,6,4,6,6,4,5,3,5,6,5,4,5,6,6,6,4,5,5,6,6,5,4,5,4,6,7,5,2,4,3,5,1,6,4,1,6,1,3,4,6,6,1,1,1,6,6,6,6,1,6,2,2,4,6,6,1,1,1,1,2,3,1,1,4,1,3,3,1,2,1,2,2,2,3,3,6,6,5,5,6,6,4,6,5,6,6,4,5,4,5,6,5,5,5,6,6,6,4,5,5,6,6,5,5,5,5,6,7,5,2,5,3,6,1,6,4,1,6.0,1.0,3.0,4.0,6.0,6.0,1.0,1.0,1.0,6.0,6.0,6.0,6.0,1.0,6.0,2.0,2.0,4.0,6.0,6.0,1,1,1,1,2,3,1,1,4,1,3,3,2,3,2,3,2,2,2,2,,,,,,,,,,,,,,,,,,,,,,,,,,,,,,,,,,,,,,,,
72,6,6,4,5,5,5,4,6,4,5,6,4,5,3,5,5,4,4,5,6,6,5,4,5,5,6,5,6,4,5,4,6,7,5,2,4,3,5,1,6,4,1,4,4,5,4,3,3,1,1,1,5,5,6,5,1,6,2,4,4,3,5,2,2,3,1,3,4,2,1,4,1,3,2,1,2,1,3,2,2,3,3,6,6,4,5,5,5,4,6,4,5,6,4,5,3,5,5,4,4,5,6,6,5,4,5,5,6,5,6,4,5,4,6,7,5,2,4,3,5,1,6,4,1,4.0,4.0,5.0,4.0,3.0,3.0,1.0,1.0,1.0,5.0,5.0,6.0,5.0,1.0,6.0,2.0,4.0,4.0,3.0,5.0,2,2,3,1,3,4,2,1,4,1,3,2,1,2,1,3,2,2,3,3,,,,,,,,,,,,,,,,,,,,,,,,,,,,,,,,,,,,,,,,
73,6,6,4,5,5,6,6,6,4,5,6,4,5,4,5,5,5,4,5,6,6,5,5,6,5,6,6,6,4,6,4,6,7,6,2,4,3,5,1,5,4,1,6,1,4,3,6,6,1,1,1,6,6,6,6,2,6,2,3,4,3,6,1,1,1,1,4,4,1,1,4,1,3,4,1,2,1,3,3,2,3,2,6,6,4,6,5,6,6,6,4,5,6,4,6,4,5,5,5,4,6,6,6,5,5,6,6,6,6,6,5,6,4,6,7,6,2,4,3,5,1,5,4,1,6.0,1.0,4.0,4.0,6.0,6.0,1.0,1.0,1.0,6.0,6.0,6.0,6.0,2.0,6.0,2.0,3.0,4.0,3.0,6.0,1,1,1,1,4,4,1,1,4,1,3,4,1,3,1,3,3,2,2,2,,,,,,,,,,,,,,,,,,,,,,,,,,,,,,,,,,,,,,,,
74,6,6,4,5,5,5,5,6,4,5,6,4,5,4,6,5,5,5,5,6,6,5,5,5,6,6,5,6,5,6,4,6,7,5,2,4,3,3,1,4,3,3,4,3,4,4,3,3,1,1,2,5,6,5,5,3,6,3,3,4,3,5,2,1,1,1,3,4,1,1,4,1,3,3,1,2,1,2,3,3,3,2,6,6,5,6,5,5,5,6,5,5,6,5,6,5,6,5,5,5,6,6,6,5,5,5,6,6,5,6,5,6,5,6,7,6,2,5,3,4,1,4,3,3,4.0,2.0,4.0,4.0,4.0,5.0,1.0,1.0,2.0,5.0,6.0,6.0,5.0,3.0,6.0,3.0,3.0,4.0,5.0,5.0,1,1,1,1,2,3,1,1,4,1,2,3,1,2,1,2,2,2,2,2,,,,,,,,,,,,,,,,,,,,,,,,,,,,,,,,,,,,,,,,
75,4,6,4,5,5,6,4,6,4,6,6,4,5,4,5,5,5,5,6,6,6,6,4,5,6,6,6,6,5,6,5,6,7,5,2,4,1,5,1,4,3,3,6,3,4,3,6,6,1,1,1,6,6,6,6,2,6,3,3,4,4,6,1,1,1,1,3,3,1,1,4,1,3,4,1,2,1,2,3,3,3,2,5,6,5,5,5,6,4,6,5,6,6,4,5,5,5,5,5,5,6,6,6,6,4,5,6,6,6,6,5,6,5,6,7,5,2,5,1,5,1,5,3,3,6.0,3.0,4.0,3.0,6.0,6.0,1.0,1.0,1.0,6.0,6.0,6.0,6.0,2.0,6.0,3.0,3.0,4.0,4.0,6.0,1,1,1,1,2,2,1,1,4,1,3,4,1,2,1,2,2,2,2,2,,,,,,,,,,,,,,,,,,,,,,,,,,,,,,,,,,,,,,,,
76,6,6,4,5,4,5,5,6,4,5,6,4,5,3,6,5,4,5,5,6,6,4,4,5,5,6,5,5,4,5,4,6,7,6,2,3,3,5,1,6,4,4,5,3,4,4,5,5,1,2,1,5,6,5,5,1,5,2,3,4,4,5,1,1,2,1,3,3,1,1,4,1,3,3,1,2,1,2,2,2,3,2,6,6,5,6,5,6,6,6,5,6,6,5,6,4,6,6,5,6,6,6,6,5,5,6,6,6,6,6,5,6,5,6,7,6,2,4,3,5,1,6,4,4,5.0,3.0,4.0,4.0,5.0,5.0,1.0,2.0,1.0,5.0,6.0,5.0,5.0,1.0,5.0,2.0,3.0,4.0,4.0,5.0,1,1,2,1,3,3,1,1,4,1,3,3,1,3,1,3,1,1,2,1,,,,,,,,,,,,,,,,,,,,,,,,,,,,,,,,,,,,,,,,
77,5,6,4,5,5,5,4,6,4,5,6,3,4,3,5,5,4,5,5,6,6,5,4,4,5,6,6,5,4,5,4,6,7,4,2,3,3,5,1,4,4,3,5,4,2,3,5,6,1,1,1,6,5,6,5,2,6,3,3,4,4,6,2,2,2,1,3,4,1,1,4,1,3,3,1,2,1,2,2,2,3,2,5,6,4,5,5,5,4,6,4,5,6,3,4,3,5,5,4,5,5,6,6,5,4,4,5,6,6,5,4,5,4,6,7,4,2,3,3,5,1,4,4,3,5.0,4.0,2.0,3.0,5.0,6.0,1.0,1.0,1.0,6.0,5.0,6.0,5.0,2.0,6.0,3.0,3.0,4.0,4.0,6.0,2,2,2,1,3,4,1,1,4,1,3,3,1,2,1,2,2,2,3,2,,,,,,,,,,,,,,,,,,,,,,,,,,,,,,,,,,,,,,,,
78,6,6,4,5,4,5,5,6,4,5,6,4,5,4,5,5,5,5,5,6,6,4,5,5,5,6,5,5,4,5,4,6,7,6,4,5,3,5,2,6,4,1,5,3,3,2,6,6,1,1,2,6,6,6,6,2,6,2,3,4,5,6,2,1,1,1,3,4,2,1,4,1,3,3,1,2,1,2,3,2,3,2,6,6,5,5,4,5,5,6,5,5,6,5,5,5,5,5,5,5,5,6,6,5,5,5,5,6,5,5,5,5,5,6,7,6,4,6,3,6,2,6,4,1,5.0,3.0,3.0,2.0,6.0,6.0,1.0,1.0,2.0,6.0,6.0,6.0,6.0,2.0,6.0,2.0,3.0,4.0,5.0,6.0,2,1,1,1,3,4,2,1,4,1,3,3,1,2,1,2,2,2,2,2,,,,,,,,,,,,,,,,,,,,,,,,,,,,,,,,,,,,,,,,
79,6,6,4,5,5,5,6,6,4,5,6,4,5,4,5,5,5,4,5,6,6,5,4,5,5,6,5,6,4,6,4,6,7,5,2,5,3,4,3,7,4,1,5,2,3,4,6,6,1,1,1,6,6,6,6,2,6,2,3,4,5,6,1,1,1,1,4,4,1,1,4,1,3,3,1,1,1,2,3,2,3,3,6,6,5,5,5,5,6,6,5,5,6,4,5,5,5,5,5,5,5,6,6,5,4,5,5,6,5,6,5,6,5,6,7,6,2,6,3,5,4,7,4,1,5.0,2.0,3.0,3.0,6.0,6.0,1.0,1.0,1.0,6.0,6.0,6.0,6.0,2.0,6.0,2.0,4.0,4.0,5.0,6.0,1,1,1,1,3,3,1,1,3,1,3,4,1,2,1,3,2,1,2,2,,,,,,,,,,,,,,,,,,,,,,,,,,,,,,,,,,,,,,,,
80,5,6,4,4,4,5,5,6,4,5,6,4,3,3,4,5,5,4,5,6,6,5,4,5,4,6,5,5,4,5,4,6,6,5,2,4,3,4,1,6,3,3,5,4,4,4,5,5,1,2,2,5,5,6,5,2,5,3,3,4,4,5,2,2,1,1,4,4,1,1,4,1,3,3,1,2,1,3,3,2,3,2,5,6,4,4,4,5,5,6,4,5,6,4,4,3,4,5,5,4,5,6,6,5,4,5,4,6,5,5,4,5,4,6,6,6,2,4,3,4,1,6,3,2,5.0,4.0,4.0,4.0,5.0,5.0,1.0,2.0,2.0,5.0,5.0,6.0,5.0,2.0,5.0,3.0,3.0,4.0,4.0,5.0,2,2,1,1,3,4,1,1,4,1,3,3,1,2,1,3,2,2,2,2,,,,,,,,,,,,,,,,,,,,,,,,,,,,,,,,,,,,,,,,
81,6,6,4,5,4,5,6,5,4,5,6,4,5,4,5,5,5,5,5,6,6,5,4,5,5,6,5,6,4,6,4,6,7,6,4,3,5,4,2,5,4,1,5,3,4,4,5,6,1,1,2,6,6,6,6,1,6,2,3,4,3,5,1,1,2,1,3,4,1,1,4,1,3,3,1,2,1,3,2,1,3,2,6,6,4,5,4,5,6,5,5,5,6,4,5,4,5,5,5,5,5,6,6,5,4,5,5,6,5,6,5,6,4,6,7,6,4,4,6,4,2,5,4,1,5.0,3.0,4.0,4.0,6.0,6.0,1.0,1.0,2.0,6.0,6.0,6.0,6.0,1.0,6.0,2.0,3.0,4.0,3.0,5.0,1,1,2,1,3,4,1,1,4,1,3,3,2,3,1,3,2,1,2,1,,,,,,,,,,,,,,,,,,,,,,,,,,,,,,,,,,,,,,,,
82,6,6,4,5,5,6,5,6,4,5,6,4,5,4,5,5,4,5,5,6,6,5,5,5,5,6,6,6,5,6,4,6,7,6,4,5,3,5,2,6,4,1,5,3,2,3,6,6,1,1,1,6,6,6,6,2,6,3,3,4,3,6,2,2,2,1,3,4,1,1,4,1,3,3,1,2,1,3,2,2,2,1,6,6,5,5,5,6,5,6,5,5,6,4,5,5,6,5,4,5,5,6,6,5,5,5,5,6,6,6,5,6,5,6,7,6,4,5,3,5,2,6,4,1,5.0,3.0,2.0,3.0,6.0,6.0,1.0,1.0,1.0,6.0,6.0,6.0,6.0,2.0,6.0,3.0,3.0,4.0,3.0,6.0,2,2,2,1,3,4,1,1,4,1,3,3,1,2,1,3,2,2,2,1,,,,,,,,,,,,,,,,,,,,,,,,,,,,,,,,,,,,,,,,
83,5,6,4,5,4,5,5,6,4,5,6,4,4,3,5,5,4,4,5,6,6,5,4,5,4,6,5,6,4,5,3,6,7,5,2,4,3,5,2,6,3,1,3,4,5,5,4,5,1,1,2,5,6,6,6,3,6,3,4,4,3,5,1,1,2,1,3,3,1,1,4,1,3,3,1,2,1,2,2,2,3,2,5,6,4,5,4,5,5,6,4,5,6,4,5,3,5,5,4,4,5,6,6,5,4,5,5,6,5,6,4,5,3,6,7,5,2,4,3,5,2,6,3,1,3.0,4.0,5.0,5.0,4.0,5.0,1.0,1.0,2.0,5.0,6.0,6.0,6.0,3.0,6.0,3.0,4.0,4.0,3.0,5.0,1,1,2,1,3,3,1,1,4,1,3,3,1,2,1,3,2,2,2,2,,,,,,,,,,,,,,,,,,,,,,,,,,,,,,,,,,,,,,,,
84,6,6,4,5,4,4,5,6,3,5,6,4,4,3,5,5,5,4,5,6,6,4,4,5,4,6,5,5,4,5,4,6,7,5,2,4,2,5,1,6,4,3,6,3,4,4,6,5,1,1,2,6,5,6,5,3,6,3,3,4,4,5,1,1,2,1,3,4,1,1,4,1,3,3,1,2,1,2,3,2,2,2,6,6,4,5,4,4,5,6,3,5,6,4,5,3,5,5,5,4,5,6,6,4,4,5,5,6,5,5,4,5,4,6,7,6,2,5,2,5,1,6,4,3,6.0,3.0,4.0,4.0,6.0,5.0,1.0,1.0,2.0,6.0,5.0,6.0,5.0,3.0,6.0,3.0,3.0,4.0,4.0,5.0,1,1,2,1,3,3,1,1,4,1,3,3,1,2,1,3,2,2,2,2,,,,,,,,,,,,,,,,,,,,,,,,,,,,,,,,,,,,,,,,
85,5,6,4,5,4,5,5,6,4,5,6,4,4,3,5,5,5,4,5,6,6,4,4,5,5,6,6,5,4,6,4,6,7,6,2,3,3,5,1,6,4,1,5,3,4,3,5,6,1,1,1,6,6,6,6,2,6,2,2,4,3,6,1,2,2,1,3,3,1,1,4,1,3,4,1,2,1,2,3,2,3,3,6,6,5,5,5,6,5,6,5,6,6,5,5,4,6,6,5,5,6,6,6,5,5,6,6,6,6,6,5,6,5,6,7,7,2,4,3,5,1,7,4,1,5.0,3.0,4.0,3.0,6.0,6.0,1.0,1.0,1.0,6.0,6.0,6.0,6.0,2.0,6.0,2.0,2.0,4.0,3.0,6.0,1,2,2,1,3,3,1,1,4,1,3,4,1,3,1,3,2,2,2,2,,,,,,,,,,,,,,,,,,,,,,,,,,,,,,,,,,,,,,,,
86,6,6,4,5,5,5,5,6,4,6,6,4,5,3,5,5,4,4,5,6,6,5,4,5,5,6,6,5,4,5,4,6,7,5,2,4,1,4,1,6,3,3,5,3,4,5,6,5,1,1,1,6,5,6,6,1,6,2,3,4,2,6,1,1,2,1,3,3,1,1,4,1,3,4,1,2,1,3,2,2,3,2,6,6,4,5,5,5,5,6,4,6,6,4,5,3,5,5,4,4,5,6,6,5,4,5,5,6,6,5,4,5,4,6,7,6,2,4,1,4,1,6,3,3,5.0,3.0,4.0,5.0,6.0,5.0,1.0,1.0,1.0,6.0,5.0,6.0,6.0,1.0,6.0,2.0,3.0,4.0,2.0,6.0,1,1,2,1,3,3,1,1,4,1,3,4,1,2,1,3,2,2,3,2,,,,,,,,,,,,,,,,,,,,,,,,,,,,,,,,,,,,,,,,
87,6,6,4,5,5,6,6,6,4,5,6,4,4,3,5,5,5,4,6,6,6,5,4,5,5,6,6,6,4,6,4,6,7,5,2,4,1,5,1,6,3,3,5,3,4,4,5,6,1,1,2,6,5,5,6,2,5,3,3,3,4,5,2,1,2,1,4,4,1,1,4,1,3,3,1,2,1,2,2,2,3,2,6,6,3,3,5,5,6,6,3,4,4,3,3,2,3,4,5,3,4,6,6,4,3,4,3,6,5,4,2,5,2,6,6,4,2,5,1,6,1,5,4,2,5.0,4.0,3.0,5.0,4.0,4.0,1.0,1.0,2.0,5.0,3.0,5.0,5.0,3.0,4.0,4.0,4.0,3.0,4.0,4.0,2,2,3,2,5,5,1,1,5,1,4,4,1,1,1,1,4,4,4,4,,,,,,,,,,,,,,,,,,,,,,,,,,,,,,,,,,,,,,,,
88,5,6,4,5,4,5,5,6,3,5,6,4,4,3,5,5,5,4,4,6,6,5,4,4,5,6,5,5,4,5,4,6,7,5,2,4,2,5,2,5,4,3,5,3,4,4,5,5,2,1,1,6,5,6,5,2,6,3,4,3,4,6,1,1,2,1,3,4,1,1,4,1,3,3,1,2,1,3,2,2,2,3,5,6,5,5,4,5,5,6,4,5,6,4,5,3,5,5,5,4,5,6,6,5,4,4,5,6,5,5,4,5,4,6,7,6,2,4,2,5,2,5,4,3,5.0,3.0,4.0,4.0,5.0,5.0,2.0,1.0,1.0,6.0,5.0,6.0,5.0,2.0,6.0,3.0,4.0,3.0,4.0,6.0,1,1,2,1,3,4,1,1,4,1,3,3,1,2,1,3,2,2,2,2,,,,,,,,,,,,,,,,,,,,,,,,,,,,,,,,,,,,,,,,
89,5,6,4,5,4,6,5,6,3,5,6,4,4,2,5,5,4,3,5,6,6,5,4,5,4,6,6,5,4,5,3,6,6,4,2,4,3,5,1,6,4,1,4,3,5,4,5,5,1,2,2,6,6,6,6,3,6,3,3,4,4,5,1,1,1,1,3,4,1,1,4,1,3,3,1,2,1,3,2,2,3,3,5,6,4,5,4,6,5,6,3,5,6,4,4,2,5,5,4,3,5,6,6,5,4,5,4,6,6,5,4,5,3,6,6,5,2,4,3,5,1,6,4,1,4.0,3.0,5.0,4.0,5.0,5.0,1.0,2.0,2.0,6.0,6.0,6.0,6.0,3.0,6.0,3.0,3.0,4.0,4.0,5.0,1,1,1,1,3,4,1,1,4,1,3,3,1,2,1,3,2,2,2,3,,,,,,,,,,,,,,,,,,,,,,,,,,,,,,,,,,,,,,,,
90,6,6,4,5,6,6,5,6,5,6,6,5,4,4,5,6,5,5,5,6,6,6,5,5,5,6,6,6,5,6,5,6,7,5,2,4,3,5,1,6,4,1,4,3,3,4,6,6,1,1,1,6,6,6,6,1,6,2,3,4,5,6,1,1,2,1,3,4,1,1,4,1,3,3,1,2,1,3,2,1,2,1,6,6,5,5,6,6,5,6,5,6,6,5,4,4,5,6,5,5,5,6,6,6,5,5,5,6,6,6,5,6,5,6,7,5,2,4,3,5,1,6,4,1,4.0,3.0,3.0,4.0,6.0,6.0,1.0,1.0,1.0,6.0,6.0,6.0,6.0,1.0,6.0,2.0,3.0,4.0,5.0,6.0,1,1,2,1,3,4,1,1,4,1,3,3,1,2,1,3,2,1,2,1,,,,,,,,,,,,,,,,,,,,,,,,,,,,,,,,,,,,,,,,
91,6,6,5,5,6,6,5,6,5,6,6,5,5,4,5,6,5,5,5,6,6,6,5,5,5,6,6,6,5,6,5,6,7,5,2,4,2,4,1,5,3,1,6,1,1,3,6,6,1,1,1,6,6,6,6,2,6,1,2,4,1,6,1,1,1,1,1,3,1,1,4,1,3,3,1,2,1,2,1,1,2,1,6,6,5,5,6,6,5,6,5,6,6,5,5,4,5,6,5,5,5,6,6,6,5,5,5,6,6,6,5,6,5,6,7,6,2,4,2,3,1,5,3,1,6.0,1.0,1.0,3.0,6.0,6.0,1.0,1.0,1.0,6.0,6.0,6.0,6.0,2.0,6.0,1.0,2.0,4.0,1.0,6.0,1,1,1,1,1,3,1,1,4,1,3,3,1,2,1,2,1,1,2,1,,,,,,,,,,,,,,,,,,,,,,,,,,,,,,,,,,,,,,,,
92,4,6,3,4,5,6,5,6,4,5,6,4,5,3,5,5,5,4,5,6,6,5,4,4,5,6,6,5,4,6,3,6,6,4,2,3,3,5,2,5,4,1,5,3,2,4,5,5,1,1,2,6,5,5,5,2,6,3,3,4,3,5,1,1,2,1,3,4,1,1,3,1,3,2,1,2,1,3,3,2,3,2,4,6,3,5,5,6,5,6,4,5,6,4,5,3,5,5,5,4,5,6,6,5,4,4,5,6,6,5,4,6,3,6,6,4,2,3,3,5,2,5,4,1,5.0,3.0,2.0,4.0,5.0,5.0,1.0,1.0,2.0,6.0,5.0,5.0,5.0,2.0,6.0,3.0,3.0,4.0,3.0,5.0,1,1,2,1,3,4,1,1,3,1,3,2,1,2,1,3,3,2,3,2,,,,,,,,,,,,,,,,,,,,,,,,,,,,,,,,,,,,,,,,
93,6,6,4,5,6,6,5,6,4,6,6,4,5,4,5,5,5,5,5,6,6,6,5,5,5,6,6,6,5,6,5,6,7,6,2,4,3,5,1,6,4,1,4,3,3,5,5,6,1,1,2,6,6,6,6,3,6,3,4,4,4,6,1,2,1,2,4,4,1,1,4,1,3,3,1,2,1,2,3,3,3,3,6,6,5,6,6,6,5,6,5,6,6,5,6,5,6,6,5,5,6,6,6,6,5,5,6,6,6,6,5,6,5,6,7,7,2,5,3,5,1,6,4,1,4.0,3.0,3.0,5.0,5.0,6.0,1.0,1.0,2.0,6.0,6.0,6.0,6.0,3.0,6.0,3.0,4.0,4.0,4.0,6.0,1,2,1,2,4,4,1,1,4,1,3,3,1,2,1,2,3,3,2,3,,,,,,,,,,,,,,,,,,,,,,,,,,,,,,,,,,,,,,,,
94,6,6,4,5,5,5,5,6,4,5,6,4,5,3,5,5,5,4,5,6,6,5,5,5,5,6,5,6,4,6,4,6,7,5,2,4,3,5,2,6,4,3,6,2,4,3,6,6,1,1,1,6,6,6,6,1,6,2,3,4,3,6,1,1,1,1,3,4,2,1,3,1,3,4,1,2,1,2,3,2,3,3,6,6,5,6,5,5,5,6,4,5,6,5,5,4,5,5,5,5,5,6,6,5,5,5,5,6,5,6,4,6,4,6,7,6,2,5,3,5,2,6,4,3,6.0,2.0,4.0,3.0,6.0,6.0,1.0,1.0,1.0,6.0,6.0,6.0,6.0,1.0,6.0,2.0,3.0,4.0,4.0,6.0,1,1,1,1,3,4,2,1,3,1,3,4,2,3,1,3,2,1,3,2,,,,,,,,,,,,,,,,,,,,,,,,,,,,,,,,,,,,,,,,
95,6,6,4,5,5,6,5,6,4,5,6,4,5,3,5,5,5,4,5,6,6,5,4,5,5,6,6,5,4,6,4,6,7,6,2,4,3,4,1,5,3,1,6,4,3,4,6,6,1,1,2,6,5,6,5,3,6,3,3,4,3,6,2,2,1,2,3,4,1,1,4,1,3,3,1,2,1,2,3,3,3,3,6,6,4,5,5,6,5,6,4,5,6,4,5,3,5,5,5,4,5,6,6,5,4,5,5,6,6,5,4,6,4,6,7,6,2,5,4,5,1,5,3,1,6.0,3.0,3.0,4.0,6.0,6.0,1.0,1.0,2.0,6.0,5.0,6.0,5.0,3.0,6.0,3.0,3.0,4.0,3.0,6.0,2,2,1,2,3,4,1,1,4,1,3,3,1,2,1,3,2,2,2,2,,,,,,,,,,,,,,,,,,,,,,,,,,,,,,,,,,,,,,,,
96,5,6,4,5,4,5,4,6,4,5,6,3,5,3,5,5,4,4,6,6,6,5,4,5,5,6,6,6,4,6,4,6,7,5,2,4,3,6,2,6,4,1,6,2,2,4,6,6,1,1,1,6,6,6,6,1,6,2,3,4,5,6,1,2,2,1,3,4,2,1,4,1,3,4,1,2,1,2,2,2,3,3,6,6,5,6,5,6,5,6,5,6,6,4,6,4,6,6,5,5,6,6,6,6,5,6,6,6,6,6,5,6,5,6,7,6,2,5,3,6,2,7,4,1,6.0,2.0,2.0,4.0,6.0,6.0,1.0,1.0,1.0,6.0,6.0,6.0,6.0,1.0,6.0,2.0,3.0,4.0,5.0,6.0,1,2,2,1,3,4,2,1,5,1,3,4,1,3,2,3,2,2,2,2,,,,,,,,,,,,,,,,,,,,,,,,,,,,,,,,,,,,,,,,
97,6,6,4,5,5,6,5,6,4,6,6,4,5,3,5,6,5,4,5,6,6,6,4,5,5,6,6,6,4,6,4,6,7,5,3,4,2,3,1,6,4,3,5,3,4,4,6,6,1,1,1,6,5,6,6,2,6,2,3,4,4,6,1,1,2,1,3,3,1,1,4,1,3,4,1,2,1,2,3,2,3,3,6,6,4,5,5,6,5,6,4,6,6,4,5,3,5,6,5,4,5,6,6,6,4,5,5,6,6,6,4,6,4,6,7,5,3,4,2,3,1,6,4,4,5.0,3.0,4.0,4.0,6.0,6.0,1.0,1.0,1.0,6.0,5.0,6.0,6.0,2.0,6.0,2.0,3.0,4.0,4.0,6.0,1,1,2,1,3,3,1,1,4,1,3,4,1,2,1,2,2,1,2,2,,,,,,,,,,,,,,,,,,,,,,,,,,,,,,,,,,,,,,,,
98,4,6,3,5,4,5,4,6,4,5,6,4,5,3,5,5,4,4,5,6,6,5,4,4,5,6,5,5,4,5,4,6,6,3,2,4,3,5,1,5,4,3,3,4,5,4,5,5,2,1,2,6,6,5,5,3,6,3,4,4,3,5,1,1,1,1,3,4,1,1,4,1,3,3,1,2,1,3,3,2,3,2,5,6,4,5,5,5,4,6,4,5,6,5,5,4,5,5,4,4,5,6,6,5,5,4,5,6,5,5,4,5,4,6,6,3,2,5,3,5,1,5,4,3,3.0,4.0,5.0,4.0,5.0,5.0,2.0,1.0,2.0,6.0,6.0,5.0,5.0,3.0,6.0,3.0,4.0,4.0,3.0,5.0,1,1,1,1,3,4,1,1,4,1,3,3,1,2,1,3,2,2,2,2,,,,,,,,,,,,,,,,,,,,,,,,,,,,,,,,,,,,,,,,
99,6,6,4,5,4,5,5,6,4,5,6,4,5,3,5,5,4,4,5,6,6,5,4,5,5,6,5,6,4,6,4,6,7,5,2,4,3,5,1,4,3,3,5,3,3,4,5,5,1,1,1,5,6,6,6,2,6,4,3,4,3,5,2,2,1,1,3,4,1,1,4,1,3,3,1,2,1,2,3,2,3,3,6,6,4,5,4,5,5,6,4,5,6,4,5,3,5,5,4,4,5,6,6,5,4,5,5,6,5,6,4,6,4,6,7,5,2,5,3,5,1,4,3,3,5.0,3.0,3.0,4.0,5.0,5.0,1.0,1.0,1.0,5.0,6.0,6.0,6.0,2.0,6.0,4.0,3.0,4.0,3.0,5.0,2,2,1,1,3,4,1,1,4,1,3,3,1,2,1,3,3,2,3,2,,,,,,,,,,,,,,,,,,,,,,,,,,,,,,,,,,,,,,,,
100,6,6,4,5,4,5,5,6,4,5,6,4,5,3,5,5,4,4,5,6,6,5,5,5,5,6,5,5,4,6,4,6,7,5,2,4,3,4,2,6,4,3,4,4,4,3,5,5,2,1,2,6,6,6,6,3,6,3,4,5,4,6,2,1,1,1,4,4,1,1,3,1,3,3,1,2,1,2,3,2,3,3,6,6,5,5,4,5,5,6,5,5,6,4,5,4,5,5,4,5,5,6,6,5,5,5,5,6,5,5,5,6,5,6,7,6,2,5,3,4,2,6,4,3,4.0,4.0,4.0,3.0,5.0,5.0,2.0,1.0,2.0,6.0,6.0,6.0,6.0,3.0,6.0,3.0,4.0,5.0,4.0,6.0,2,1,1,1,4,4,1,1,3,1,3,3,1,2,1,2,3,2,3,2,,,,,,,,,,,,,,,,,,,,,,,,,,,,,,,,,,,,,,,,
101,5,6,4,5,4,5,4,6,4,5,6,4,5,4,5,5,4,5,6,6,6,5,4,5,6,6,5,6,5,6,5,6,7,5,2,4,3,6,1,5,4,1,6,3,4,3,5,6,1,1,2,5,6,5,5,3,6,3,3,4,3,5,1,1,2,1,4,4,1,1,3,1,3,3,1,2,1,2,3,2,3,2,5,6,4,5,4,5,4,6,4,5,6,4,5,4,5,5,4,5,6,6,6,5,4,5,6,6,5,6,5,6,5,6,7,5,2,5,3,6,1,5,4,1,6.0,3.0,4.0,3.0,5.0,6.0,1.0,1.0,2.0,5.0,6.0,5.0,5.0,3.0,6.0,3.0,3.0,4.0,3.0,5.0,1,1,2,1,4,4,1,1,3,1,3,3,1,2,1,2,2,2,2,2,,,,,,,,,,,,,,,,,,,,,,,,,,,,,,,,,,,,,,,,
102,6,6,4,5,5,6,5,6,4,5,6,4,5,4,5,5,5,5,5,6,6,5,4,5,5,6,6,6,4,6,4,6,7,5,2,3,4,5,1,7,3,1,5,3,4,2,6,5,1,1,1,6,6,6,5,2,6,3,3,4,4,6,1,1,2,1,4,4,1,1,4,1,3,2,1,2,1,3,2,2,3,1,6,6,4,5,5,6,5,6,4,5,6,4,5,4,5,5,5,5,5,6,6,5,4,5,5,6,6,6,4,6,4,6,7,5,2,3,4,5,1,7,4,1,5.0,3.0,4.0,2.0,6.0,5.0,1.0,1.0,1.0,6.0,6.0,6.0,5.0,2.0,6.0,3.0,3.0,4.0,4.0,6.0,1,1,2,1,4,4,1,1,4,1,3,2,1,2,1,3,2,2,2,1,,,,,,,,,,,,,,,,,,,,,,,,,,,,,,,,,,,,,,,,
103,5,6,4,5,4,5,4,6,4,5,6,4,5,3,5,5,4,4,6,6,6,5,4,4,5,6,5,6,4,5,4,6,7,5,2,4,3,5,2,6,4,3,5,3,4,3,5,6,1,1,2,6,5,5,6,2,6,3,3,4,4,6,2,1,1,1,4,4,1,1,4,1,3,3,1,2,1,2,3,2,3,2,5,6,4,5,4,5,4,6,4,5,6,5,5,3,5,5,4,4,6,6,6,5,5,5,5,6,5,6,4,5,4,6,7,6,2,4,3,5,2,6,5,3,5.0,3.0,4.0,3.0,5.0,6.0,1.0,1.0,2.0,6.0,5.0,5.0,6.0,2.0,6.0,3.0,3.0,4.0,4.0,6.0,2,1,1,1,3,3,1,1,4,1,3,3,1,2,1,2,2,2,2,2,,,,,,,,,,,,,,,,,,,,,,,,,,,,,,,,,,,,,,,,
104,5,6,4,5,4,5,6,6,3,5,6,4,5,3,5,5,5,4,6,6,6,5,4,5,6,6,6,5,4,6,4,6,7,6,2,4,2,5,1,6,3,1,5,3,3,4,5,5,1,1,2,5,6,6,5,2,6,3,3,4,4,6,2,1,1,1,3,4,1,1,4,1,3,3,1,2,1,3,2,2,3,2,5,6,4,5,5,5,6,6,4,5,6,5,5,4,5,5,5,4,6,6,6,5,5,5,6,6,6,5,4,6,4,6,7,6,2,5,3,5,1,6,4,1,5.0,3.0,3.0,4.0,5.0,5.0,1.0,1.0,2.0,5.0,6.0,6.0,5.0,2.0,6.0,3.0,3.0,4.0,4.0,6.0,2,1,1,1,3,4,1,1,4,1,3,3,1,2,1,3,2,2,3,2,,,,,,,,,,,,,,,,,,,,,,,,,,,,,,,,,,,,,,,,
105,6,6,4,5,5,6,4,6,4,6,6,4,5,3,5,5,4,4,5,6,6,5,4,5,5,6,6,5,4,6,4,6,7,5,2,4,3,6,1,5,4,1,4,3,4,4,5,6,1,2,1,6,5,6,5,2,6,3,3,4,5,5,1,1,1,1,3,3,1,1,4,1,3,3,1,2,1,2,3,2,3,2,6,6,5,5,5,6,4,6,4,6,6,4,5,3,5,5,4,4,5,6,6,5,4,5,5,6,6,5,4,6,4,6,7,6,2,4,3,6,1,5,4,1,4.0,3.0,4.0,4.0,5.0,6.0,1.0,2.0,1.0,6.0,5.0,6.0,5.0,2.0,6.0,3.0,3.0,4.0,5.0,5.0,1,1,1,1,3,3,1,1,4,1,3,3,1,2,1,3,2,2,2,2,,,,,,,,,,,,,,,,,,,,,,,,,,,,,,,,,,,,,,,,
106,6,6,4,5,5,4,5,6,3,5,6,4,4,3,5,5,4,4,5,6,6,5,4,4,4,6,4,5,3,5,3,6,7,6,2,4,3,5,2,6,3,1,5,2,4,4,5,5,1,1,2,5,5,6,5,2,6,2,3,4,4,6,1,2,1,1,4,3,1,1,4,1,3,4,1,2,1,1,3,2,3,3,6,6,5,5,5,4,5,6,3,5,6,4,4,3,5,5,4,4,5,6,6,5,4,4,4,6,4,5,3,5,3,6,7,6,2,4,3,5,2,6,3,1,5.0,2.0,4.0,4.0,5.0,5.0,1.0,1.0,2.0,5.0,5.0,6.0,5.0,2.0,6.0,2.0,3.0,4.0,4.0,6.0,1,2,1,1,4,3,1,1,4,1,3,4,1,2,1,1,3,2,3,3,,,,,,,,,,,,,,,,,,,,,,,,,,,,,,,,,,,,,,,,
107,6,6,4,5,5,5,5,6,4,5,6,4,4,3,5,5,4,4,5,6,6,5,4,4,5,6,5,5,4,5,3,6,7,5,2,4,3,5,1,5,4,3,4,2,1,4,5,5,1,1,1,6,5,6,6,2,6,3,3,5,4,6,1,1,2,1,3,4,1,1,4,1,3,3,1,2,1,3,2,2,2,2,6,6,4,5,5,5,5,6,4,5,6,4,5,3,6,5,4,4,5,6,6,5,4,4,5,6,5,6,4,5,4,6,7,6,2,4,3,6,1,6,4,1,4.0,1.0,1.0,4.0,6.0,6.0,1.0,1.0,1.0,6.0,6.0,6.0,6.0,2.0,6.0,4.0,2.0,5.0,5.0,6.0,1,1,1,1,2,2,1,1,5,1,3,4,2,3,2,3,2,1,2,1,,,,,,,,,,,,,,,,,,,,,,,,,,,,,,,,,,,,,,,,
108,5,6,4,4,4,5,5,5,4,5,6,4,5,3,5,5,4,5,5,6,6,5,4,5,5,6,6,5,4,6,4,6,7,5,2,4,3,4,2,6,3,1,6,3,4,4,6,6,1,1,1,6,6,6,6,2,6,3,3,3,5,6,1,1,1,1,3,3,1,1,4,1,3,3,1,2,1,2,3,2,3,3,5,6,5,5,5,5,5,5,5,5,6,5,5,4,6,6,5,5,6,6,6,5,5,5,5,6,6,5,5,6,5,6,7,6,2,5,4,4,3,6,4,1,6.0,3.0,4.0,4.0,6.0,6.0,1.0,1.0,1.0,6.0,6.0,6.0,6.0,2.0,6.0,3.0,3.0,3.0,5.0,6.0,1,1,1,1,3,3,1,1,4,1,3,3,2,2,2,3,2,1,2,2,,,,,,,,,,,,,,,,,,,,,,,,,,,,,,,,,,,,,,,,
109,6,6,4,4,5,5,5,5,4,5,6,4,4,4,5,5,5,5,5,6,6,5,5,5,5,6,6,5,4,6,4,6,7,5,2,4,3,4,1,5,3,3,6,3,4,3,6,6,1,1,1,6,6,6,6,2,6,3,2,4,5,6,1,1,2,1,3,4,1,1,4,1,3,3,1,2,1,3,2,2,3,2,6,6,4,5,6,6,5,5,4,6,6,4,5,4,5,6,5,5,6,6,6,6,5,5,6,6,6,6,4,6,4,6,7,6,2,5,3,5,1,6,3,3,6.0,3.0,4.0,3.0,6.0,6.0,1.0,1.0,1.0,6.0,6.0,6.0,6.0,2.0,6.0,3.0,2.0,4.0,5.0,6.0,1,1,2,1,3,4,1,1,4,1,3,3,1,2,1,3,2,1,3,1,,,,,,,,,,,,,,,,,,,,,,,,,,,,,,,,,,,,,,,,
110,6,6,4,4,5,5,5,5,4,5,5,4,4,3,4,5,5,4,5,6,6,5,5,5,4,6,6,5,4,6,4,6,7,5,2,4,3,5,1,6,3,1,6,3,4,3,4,5,1,2,1,5,5,6,5,2,6,3,3,4,4,5,1,2,1,1,3,3,1,1,4,1,3,3,1,1,1,2,3,2,3,2,6,6,4,5,5,5,5,5,4,5,5,4,5,3,5,5,5,4,5,6,6,5,5,5,5,6,6,5,4,6,4,6,7,5,2,4,3,5,1,6,3,1,6.0,3.0,4.0,3.0,4.0,5.0,1.0,2.0,1.0,5.0,5.0,6.0,5.0,2.0,6.0,3.0,3.0,4.0,4.0,5.0,1,2,1,1,3,3,1,1,4,1,3,3,1,2,1,2,3,2,3,2,,,,,,,,,,,,,,,,,,,,,,,,,,,,,,,,,,,,,,,,
111,5,6,4,4,5,6,5,6,4,5,6,4,4,3,5,5,4,4,5,6,6,5,4,4,5,6,6,5,4,5,4,6,7,4,2,3,1,5,1,6,4,2,4,3,4,3,5,5,1,1,1,6,5,6,5,2,6,3,3,5,4,5,1,1,1,1,3,4,2,1,4,1,3,2,1,2,1,2,3,3,4,3,5,6,4,4,5,6,5,6,4,5,6,4,4,3,5,5,4,4,5,6,6,5,4,4,5,6,6,5,4,5,4,6,7,5,2,4,1,5,1,6,4,2,4.0,3.0,4.0,3.0,5.0,5.0,1.0,1.0,1.0,6.0,5.0,6.0,5.0,2.0,6.0,3.0,3.0,5.0,4.0,5.0,1,1,1,1,3,4,2,1,4,1,3,2,1,2,1,2,3,2,4,2,,,,,,,,,,,,,,,,,,,,,,,,,,,,,,,,,,,,,,,,
112,6,6,4,5,5,6,5,6,4,5,6,4,5,4,5,5,5,5,6,6,6,5,4,5,5,6,5,6,4,6,4,6,7,5,3,4,3,6,2,6,4,1,5,3,3,4,6,6,1,1,1,6,6,6,6,2,6,2,4,4,3,6,1,2,2,1,3,3,1,1,4,1,3,2,1,2,1,3,2,2,2,3,6,6,5,6,6,6,5,6,5,6,6,4,5,5,6,6,5,5,6,6,6,5,5,5,6,6,5,6,5,6,5,6,7,6,4,5,3,6,2,6,4,1,5.0,3.0,3.0,4.0,6.0,6.0,1.0,1.0,1.0,6.0,6.0,6.0,6.0,2.0,6.0,2.0,4.0,4.0,3.0,6.0,1,2,2,1,3,3,1,1,4,1,3,2,1,2,2,3,2,2,2,2,,,,,,,,,,,,,,,,,,,,,,,,,,,,,,,,,,,,,,,,
113,6,6,4,5,5,5,6,6,4,5,6,4,5,3,6,5,5,4,5,6,6,5,4,5,5,6,6,6,4,6,4,6,7,6,3,4,3,5,2,5,4,1,4,3,6,5,4,5,1,1,2,6,5,6,6,2,6,2,3,4,3,6,1,1,1,1,3,4,1,1,4,1,3,3,1,2,1,1,2,2,3,3,6,6,5,5,5,5,6,6,5,5,6,4,5,4,6,5,5,4,5,6,6,5,4,5,5,6,6,6,5,6,5,6,7,6,3,5,3,5,2,5,5,1,4.0,3.0,6.0,5.0,4.0,5.0,1.0,1.0,2.0,6.0,5.0,6.0,6.0,2.0,6.0,2.0,3.0,4.0,3.0,6.0,1,1,1,1,3,4,1,1,4,1,3,3,1,2,1,1,2,2,2,2,,,,,,,,,,,,,,,,,,,,,,,,,,,,,,,,,,,,,,,,
114,6,6,4,5,5,6,5,6,4,5,6,4,5,4,5,5,4,5,5,6,6,5,4,5,5,6,6,5,5,6,5,6,7,5,2,4,3,5,1,7,4,1,6,3,2,3,6,5,1,1,1,6,6,6,5,2,6,2,3,4,4,6,1,2,1,1,3,4,2,1,4,1,3,4,1,2,1,3,2,1,2,2,6,6,5,5,5,6,5,6,4,5,6,4,5,4,5,5,4,5,5,6,6,5,4,5,5,6,6,5,5,6,5,6,7,5,2,4,3,5,1,7,4,1,6.0,3.0,2.0,3.0,6.0,5.0,1.0,1.0,1.0,6.0,6.0,6.0,5.0,2.0,6.0,2.0,3.0,4.0,4.0,6.0,1,2,1,1,3,4,2,1,4,1,3,4,1,2,1,3,2,1,2,1,,,,,,,,,,,,,,,,,,,,,,,,,,,,,,,,,,,,,,,,
115,6,6,5,5,4,5,4,6,5,5,6,4,5,4,5,5,4,5,5,6,6,5,4,5,5,6,5,6,5,6,4,6,7,6,2,4,3,5,2,7,4,1,5,3,2,4,6,6,1,1,2,6,6,6,6,1,6,3,2,4,5,6,1,1,2,1,3,4,1,1,4,1,3,3,1,2,1,3,2,2,3,2,6,6,5,5,4,5,4,6,5,5,6,4,5,4,5,5,4,5,5,6,6,5,4,5,5,6,5,6,5,6,4,6,7,6,2,5,3,5,2,7,4,1,5.0,3.0,2.0,4.0,6.0,6.0,1.0,1.0,2.0,6.0,6.0,6.0,6.0,1.0,6.0,3.0,2.0,4.0,5.0,6.0,1,1,2,1,3,4,1,1,4,1,3,3,1,2,1,3,2,2,2,2,,,,,,,,,,,,,,,,,,,,,,,,,,,,,,,,,,,,,,,,
116,5,6,4,5,4,5,5,6,4,5,6,4,5,3,5,5,5,4,5,6,6,4,4,5,5,6,5,5,4,5,3,6,7,5,2,4,2,4,1,6,3,1,5,3,2,4,5,6,1,1,1,6,6,6,6,3,6,4,3,4,3,6,1,1,2,1,4,4,1,1,4,1,3,2,1,2,1,3,2,2,3,2,5,6,4,5,4,5,5,6,4,5,6,4,5,4,5,5,5,4,5,6,6,4,4,5,5,6,5,5,4,5,4,6,7,5,2,4,2,4,1,6,3,1,5.0,3.0,2.0,4.0,5.0,6.0,1.0,1.0,1.0,6.0,6.0,6.0,6.0,3.0,6.0,4.0,3.0,4.0,3.0,6.0,1,1,2,1,4,4,1,1,4,1,3,2,1,2,1,3,2,2,3,2,,,,,,,,,,,,,,,,,,,,,,,,,,,,,,,,,,,,,,,,
117,6,6,4,5,4,6,5,6,4,5,6,4,5,4,5,5,5,5,6,6,6,5,4,5,5,6,6,6,5,6,5,6,7,5,2,4,3,5,1,6,3,1,6,3,4,4,5,5,1,1,2,5,6,6,5,3,6,3,3,4,4,5,1,1,2,1,3,3,1,1,4,1,3,3,1,2,1,3,1,2,2,2,6,6,5,5,4,6,5,6,4,5,6,4,5,4,5,5,5,5,6,6,6,5,4,5,5,6,6,6,5,6,5,6,7,5,2,5,3,5,1,6,3,1,6.0,3.0,4.0,4.0,5.0,5.0,1.0,1.0,2.0,5.0,6.0,6.0,5.0,3.0,6.0,3.0,3.0,4.0,4.0,5.0,1,1,2,1,3,3,1,1,4,1,3,3,1,2,1,3,1,2,2,2,,,,,,,,,,,,,,,,,,,,,,,,,,,,,,,,,,,,,,,,
118,6,6,5,5,6,6,6,6,4,6,6,5,5,4,5,6,5,5,6,6,6,6,5,5,5,6,6,6,4,6,5,6,7,5,3,4,3,5,1,4,3,1,6,3,4,3,6,5,1,1,1,6,6,6,6,2,6,3,3,4,2,6,1,1,2,1,3,4,1,1,4,1,3,4,1,2,1,3,2,2,2,1,6,6,5,5,6,6,6,6,4,6,6,5,5,4,5,6,5,5,6,6,6,6,5,5,5,6,6,6,4,6,5,6,7,6,3,5,3,6,1,4,3,1,6.0,3.0,4.0,3.0,6.0,5.0,1.0,1.0,1.0,6.0,6.0,6.0,6.0,2.0,6.0,3.0,3.0,4.0,2.0,6.0,1,1,2,1,3,4,1,1,4,1,3,4,1,2,1,3,2,2,2,1,,,,,,,,,,,,,,,,,,,,,,,,,,,,,,,,,,,,,,,,
119,6,6,4,5,5,6,5,6,4,5,6,4,5,3,5,5,5,4,5,6,6,6,5,5,5,6,6,5,4,6,3,6,7,5,2,5,3,4,1,6,4,3,4,3,4,4,5,5,1,2,2,6,5,6,6,2,6,3,4,4,3,6,2,1,2,1,4,4,2,1,3,1,3,3,1,2,1,2,3,3,3,2,5,6,4,4,5,6,5,6,4,5,5,4,4,3,4,5,5,4,4,6,6,6,5,5,4,6,6,5,4,6,3,6,7,6,2,5,3,4,1,6,4,3,4.0,3.0,4.0,4.0,5.0,5.0,1.0,2.0,2.0,6.0,5.0,6.0,6.0,2.0,6.0,3.0,4.0,4.0,3.0,6.0,2,1,2,1,4,4,2,1,3,1,3,3,1,2,1,2,3,3,3,2,,,,,,,,,,,,,,,,,,,,,,,,,,,,,,,,,,,,,,,,
120,6,6,4,4,5,5,5,6,4,5,6,4,4,3,5,5,5,4,5,6,6,5,5,4,5,6,5,5,4,6,4,6,7,5,2,4,3,5,1,6,4,3,6,3,4,4,6,5,1,1,1,6,5,6,6,2,6,2,3,4,4,6,1,1,1,1,3,3,1,1,4,1,3,3,1,2,1,3,2,2,3,2,6,6,4,5,5,5,5,6,4,5,6,4,5,4,5,5,5,5,5,6,6,5,5,4,5,6,5,5,4,6,4,6,7,6,2,4,3,5,1,6,4,3,6.0,3.0,4.0,4.0,6.0,5.0,1.0,1.0,1.0,6.0,5.0,6.0,6.0,2.0,6.0,2.0,3.0,4.0,4.0,6.0,1,1,1,1,3,3,1,1,4,1,3,3,1,2,1,3,2,2,2,2,,,,,,,,,,,,,,,,,,,,,,,,,,,,,,,,,,,,,,,,
121,6,6,4,5,4,5,5,6,4,5,6,4,5,4,6,5,5,5,6,6,6,5,5,4,6,6,5,6,4,5,4,6,7,5,2,4,3,5,1,6,4,3,5,3,4,5,3,5,1,1,1,5,6,6,5,3,6,4,3,4,2,5,1,1,1,1,3,2,1,1,4,1,3,4,1,2,1,2,3,3,3,2,6,5,5,6,4,5,5,6,5,5,6,4,6,5,6,5,5,5,6,6,6,5,5,4,6,6,5,6,5,5,5,6,7,6,2,5,3,6,1,6,4,3,5.0,2.0,4.0,4.0,3.0,5.0,1.0,1.0,1.0,5.0,6.0,6.0,5.0,2.0,6.0,4.0,2.0,4.0,2.0,5.0,1,1,1,1,3,2,1,1,4,1,3,4,1,2,1,2,3,2,2,2,,,,,,,,,,,,,,,,,,,,,,,,,,,,,,,,,,,,,,,,
122,6,6,5,5,5,6,6,6,4,6,6,5,5,4,5,6,6,5,5,6,6,6,5,6,5,6,6,6,5,6,5,6,7,6,2,4,3,5,1,5,4,1,6,3,2,4,6,6,1,1,1,6,6,6,6,1,6,1,3,5,4,6,1,1,2,1,4,4,1,1,4,1,3,3,1,1,1,2,3,2,3,3,6,6,5,5,5,6,6,6,5,6,6,5,5,4,5,6,6,5,5,6,6,6,5,6,5,6,6,6,5,6,5,6,7,6,2,5,3,5,1,5,5,1,6.0,3.0,2.0,4.0,6.0,6.0,1.0,1.0,1.0,6.0,6.0,6.0,6.0,1.0,6.0,1.0,3.0,5.0,4.0,6.0,1,1,2,1,4,4,1,1,4,1,3,3,2,2,1,3,2,1,3,2,,,,,,,,,,,,,,,,,,,,,,,,,,,,,,,,,,,,,,,,
123,6,6,4,5,5,5,5,6,4,5,6,4,5,3,5,5,4,4,5,6,6,5,4,5,5,6,5,6,4,6,4,6,7,6,4,5,4,6,2,7,5,1,4,3,4,3,5,6,1,1,1,5,6,5,5,1,6,2,3,4,4,5,1,2,2,1,3,3,1,1,4,1,3,3,1,2,1,3,3,2,3,3,6,6,4,5,5,5,5,6,4,5,6,4,5,3,5,5,4,4,5,6,6,5,4,5,5,6,5,6,4,6,4,6,7,6,4,5,4,6,2,7,5,1,4.0,3.0,4.0,3.0,5.0,6.0,1.0,1.0,1.0,5.0,6.0,5.0,5.0,1.0,6.0,2.0,3.0,4.0,4.0,5.0,1,2,2,1,3,3,1,1,4,1,3,3,1,2,1,3,3,2,3,3,,,,,,,,,,,,,,,,,,,,,,,,,,,,,,,,,,,,,,,,
124,6,6,4,5,6,6,6,5,4,6,6,5,5,4,5,6,5,5,5,6,6,6,5,6,5,6,6,5,5,6,5,6,7,6,2,4,2,5,1,5,4,1,6,3,1,2,6,6,1,1,1,6,6,6,6,2,6,2,1,4,1,6,1,1,1,1,4,4,1,1,4,1,3,3,1,1,1,3,2,2,3,2,6,6,4,5,6,6,6,5,4,6,6,5,5,4,5,6,5,5,5,6,6,6,5,6,5,6,6,5,5,6,5,6,7,6,2,5,2,5,1,5,4,1,6.0,3.0,1.0,2.0,6.0,6.0,1.0,1.0,1.0,6.0,6.0,6.0,6.0,2.0,6.0,2.0,1.0,4.0,1.0,6.0,1,1,1,1,4,4,1,1,4,1,3,3,1,1,1,3,2,2,3,2,,,,,,,,,,,,,,,,,,,,,,,,,,,,,,,,,,,,,,,,
125,6,6,4,5,5,6,5,6,4,5,6,4,5,3,5,5,5,4,5,6,6,5,4,5,5,6,6,5,4,6,3,6,7,5,2,3,3,4,1,5,3,2,6,3,5,4,6,5,1,1,2,6,6,6,6,2,6,2,3,4,4,6,1,2,1,1,3,4,1,1,4,1,3,4,1,2,1,2,2,3,3,3,6,6,4,5,5,6,5,6,4,5,6,4,5,3,5,5,5,4,5,6,6,5,4,5,5,6,6,5,4,6,3,6,7,6,2,3,3,4,1,5,3,2,6.0,3.0,5.0,4.0,6.0,5.0,1.0,1.0,2.0,6.0,6.0,6.0,6.0,2.0,6.0,2.0,3.0,4.0,4.0,6.0,1,2,1,1,3,4,1,1,4,1,3,4,1,2,1,2,2,2,3,2,,,,,,,,,,,,,,,,,,,,,,,,,,,,,,,,,,,,,,,,
126,6,6,5,5,5,6,6,5,5,5,6,4,5,4,6,5,5,5,5,6,6,5,5,5,5,6,6,6,5,6,5,6,7,5,2,4,2,4,1,6,3,1,5,3,4,4,5,6,1,1,1,5,6,6,5,2,6,3,3,4,4,5,2,2,2,2,3,4,2,1,3,1,3,3,1,1,1,3,2,2,2,2,6,6,5,5,5,6,6,5,5,5,6,4,5,4,6,5,5,5,5,6,6,5,5,5,5,6,6,6,5,6,5,6,7,6,2,4,2,4,1,6,3,1,5.0,3.0,4.0,4.0,5.0,6.0,1.0,1.0,1.0,5.0,6.0,6.0,5.0,2.0,6.0,3.0,3.0,4.0,4.0,5.0,2,2,2,2,3,4,2,1,3,1,3,3,1,1,1,3,2,2,2,2,,,,,,,,,,,,,,,,,,,,,,,,,,,,,,,,,,,,,,,,
127,6,6,4,5,5,6,5,6,4,5,6,4,5,4,5,5,5,4,5,6,6,5,4,5,5,6,5,5,4,6,4,6,7,6,3,4,5,6,2,7,5,1,6,2,4,3,6,6,1,1,1,6,6,6,6,1,6,2,3,5,4,6,1,2,1,1,3,4,2,1,4,1,3,4,1,1,1,2,3,2,3,3,6,6,5,6,5,6,5,6,5,6,6,5,6,5,6,6,6,5,6,6,6,6,5,6,6,6,6,6,5,6,5,6,7,7,3,4,5,6,2,7,5,1,6.0,2.0,3.0,3.0,6.0,6.0,1.0,1.0,1.0,6.0,6.0,6.0,6.0,1.0,6.0,2.0,3.0,5.0,4.0,6.0,1,2,1,1,3,4,2,1,4,1,3,4,2,2,1,2,2,2,3,2,,,,,,,,,,,,,,,,,,,,,,,,,,,,,,,,,,,,,,,,
128,6,6,4,5,4,5,6,6,3,5,6,4,5,3,5,5,4,4,5,6,6,5,5,5,5,6,5,5,4,6,3,6,7,5,2,4,1,5,1,6,3,4,1,5,6,5,3,4,1,1,2,4,5,4,5,3,6,2,4,4,3,5,1,1,1,1,3,4,2,1,4,1,3,3,1,2,1,2,3,2,3,3,6,6,5,5,5,5,6,6,4,5,6,4,5,4,5,5,4,4,5,6,6,5,5,5,5,6,5,5,4,6,4,6,7,6,2,5,1,5,1,6,4,3,2.0,4.0,5.0,5.0,4.0,5.0,1.0,1.0,2.0,4.0,5.0,5.0,6.0,3.0,6.0,2.0,4.0,4.0,3.0,6.0,1,1,1,1,3,4,2,1,4,1,3,3,1,2,1,3,2,1,2,2,,,,,,,,,,,,,,,,,,,,,,,,,,,,,,,,,,,,,,,,
129,5,6,4,5,4,6,4,6,4,5,6,4,5,3,5,5,4,4,5,6,6,5,4,5,5,6,6,5,4,5,4,6,7,4,2,4,3,4,1,6,3,1,5,3,2,4,6,6,1,1,1,6,6,6,5,2,6,3,2,3,4,6,1,2,2,1,4,4,1,1,4,1,3,3,1,2,1,3,2,2,2,1,5,6,5,5,4,6,4,6,5,5,6,4,5,4,5,5,4,4,5,6,6,5,4,5,5,6,6,5,4,5,4,6,7,4,2,5,3,4,1,6,3,1,5.0,3.0,2.0,4.0,6.0,6.0,1.0,1.0,1.0,6.0,6.0,6.0,5.0,2.0,6.0,3.0,2.0,3.0,4.0,6.0,1,2,2,1,4,4,1,1,4,1,3,3,1,2,1,3,2,2,2,1,,,,,,,,,,,,,,,,,,,,,,,,,,,,,,,,,,,,,,,,
130,6,6,4,5,4,5,5,2,4,5,6,4,5,3,6,5,5,4,6,6,6,5,5,5,6,6,5,6,4,5,4,6,7,5,2,4,3,4,1,6,3,1,5,3,4,3,5,6,1,1,1,6,6,6,6,2,6,2,3,5,2,6,1,2,2,2,3,4,1,1,4,1,3,3,1,2,1,2,2,2,3,3,6,6,5,6,5,6,5,3,5,6,6,5,6,4,6,6,6,5,6,6,6,6,6,6,6,6,6,6,5,6,5,6,7,6,2,5,4,5,2,7,4,1,6.0,3.0,4.0,4.0,6.0,6.0,1.0,1.0,1.0,6.0,6.0,6.0,6.0,2.0,6.0,2.0,2.0,5.0,5.0,6.0,1,2,1,1,2,2,1,1,3,1,3,3,1,2,2,3,2,2,2,2,,,,,,,,,,,,,,,,,,,,,,,,,,,,,,,,,,,,,,,,
131,5,6,4,5,4,5,5,5,4,6,6,4,5,3,6,5,4,5,5,6,6,5,5,4,5,6,6,5,4,6,4,6,7,5,2,4,2,3,3,6,4,3,4,4,4,3,5,5,1,1,2,5,6,6,6,3,6,3,4,4,5,6,1,2,1,1,3,3,1,1,4,1,3,3,1,2,1,2,3,2,3,2,5,6,4,5,4,5,5,5,4,6,6,4,5,3,6,5,4,5,5,6,6,5,5,4,5,6,6,5,4,6,4,6,7,6,2,4,2,3,3,6,4,4,4.0,4.0,4.0,3.0,5.0,5.0,1.0,1.0,2.0,5.0,6.0,6.0,6.0,3.0,6.0,3.0,4.0,4.0,5.0,6.0,1,2,1,1,3,3,1,1,4,1,3,3,1,2,1,2,3,2,3,2,,,,,,,,,,,,,,,,,,,,,,,,,,,,,,,,,,,,,,,,
132,6,6,4,5,5,6,5,5,4,5,6,4,5,4,5,6,5,5,5,6,6,5,5,5,5,6,6,6,4,6,4,6,7,5,2,4,3,5,1,5,4,3,6,3,4,3,6,5,1,1,2,6,6,5,5,1,6,2,3,4,4,5,2,2,1,1,3,4,1,1,4,1,3,4,1,2,1,3,2,2,3,2,6,6,4,5,5,6,5,5,4,5,6,4,5,4,5,6,5,5,5,6,6,5,5,5,5,6,6,6,4,6,4,6,7,6,2,5,3,5,1,5,4,3,6.0,3.0,4.0,3.0,6.0,5.0,1.0,1.0,2.0,6.0,6.0,5.0,5.0,1.0,6.0,2.0,3.0,4.0,4.0,5.0,2,2,1,1,3,4,1,1,4,1,3,4,1,2,1,3,2,2,3,2,,,,,,,,,,,,,,,,,,,,,,,,,,,,,,,,,,,,,,,,
133,5,6,4,5,4,5,5,6,4,5,6,4,5,4,6,5,5,4,5,6,6,5,4,5,5,6,5,5,4,6,4,6,7,5,2,4,3,5,2,6,4,1,2,4,5,5,3,6,1,1,1,3,6,6,6,2,6,3,4,4,5,6,1,1,1,1,3,4,1,1,4,1,3,3,1,2,1,3,2,2,3,2,5,6,4,5,4,5,5,6,4,5,6,4,5,4,6,5,5,4,5,6,6,5,4,5,5,6,5,5,4,6,4,6,7,5,2,5,3,5,2,6,4,1,2.0,4.0,5.0,5.0,3.0,6.0,1.0,1.0,1.0,3.0,6.0,6.0,6.0,2.0,6.0,3.0,4.0,4.0,5.0,6.0,1,1,1,1,3,4,1,1,4,1,3,3,1,2,1,3,2,2,3,2,,,,,,,,,,,,,,,,,,,,,,,,,,,,,,,,,,,,,,,,
134,5,6,4,4,5,5,4,6,4,6,6,3,4,3,5,5,4,4,5,6,6,5,4,4,5,6,6,5,4,5,3,6,7,3,2,4,3,5,1,6,4,3,5,3,4,5,5,6,1,2,2,6,6,6,6,3,6,3,4,4,3,6,1,1,1,1,3,4,1,1,4,1,3,3,1,2,1,2,3,2,3,3,6,6,5,5,5,5,5,6,4,6,6,4,5,4,6,6,5,5,6,6,6,5,5,5,6,6,6,6,5,6,4,6,7,4,3,5,3,6,1,6,5,3,6.0,3.0,4.0,5.0,6.0,6.0,1.0,2.0,2.0,6.0,6.0,6.0,6.0,3.0,6.0,3.0,4.0,4.0,3.0,6.0,1,1,1,1,3,4,1,1,4,1,3,3,1,3,1,3,2,1,2,2,,,,,,,,,,,,,,,,,,,,,,,,,,,,,,,,,,,,,,,,
135,5,6,4,5,5,5,4,6,4,5,6,4,5,4,5,5,4,5,5,6,6,5,4,4,5,6,5,6,4,5,4,6,7,5,2,4,3,6,1,5,4,1,4,3,4,4,4,5,1,1,2,5,6,5,6,2,6,3,3,4,4,5,1,1,2,1,3,4,1,1,4,1,3,2,1,2,1,2,3,2,3,2,5,6,4,5,5,5,4,6,4,5,6,4,5,4,5,5,4,5,5,6,6,5,4,4,5,6,5,6,4,5,4,6,7,6,2,4,3,6,1,5,4,1,4.0,3.0,4.0,4.0,4.0,5.0,1.0,1.0,2.0,5.0,6.0,5.0,6.0,2.0,6.0,3.0,3.0,4.0,4.0,5.0,1,1,2,1,3,4,1,1,4,1,3,2,1,2,1,3,2,1,2,1,,,,,,,,,,,,,,,,,,,,,,,,,,,,,,,,,,,,,,,,
136,6,6,4,5,5,6,4,6,4,5,6,4,5,3,5,5,5,4,6,6,6,5,4,5,5,6,6,6,4,6,4,6,7,5,2,6,3,5,2,4,4,3,6,2,4,3,5,5,1,1,2,6,6,6,6,1,6,3,1,4,2,6,1,1,1,1,3,3,1,1,3,1,3,1,1,1,1,3,2,2,2,2,6,6,5,5,5,6,5,6,5,6,6,4,5,4,6,5,5,5,6,6,6,5,5,5,6,6,6,6,5,6,5,6,7,6,2,6,3,6,3,4,5,2,6.0,2.0,4.0,3.0,6.0,5.0,1.0,1.0,2.0,6.0,6.0,6.0,6.0,1.0,6.0,3.0,1.0,4.0,2.0,6.0,1,1,1,1,3,3,1,1,3,1,3,1,2,2,2,3,2,1,1,1,,,,,,,,,,,,,,,,,,,,,,,,,,,,,,,,,,,,,,,,
137,6,6,4,5,5,6,5,6,4,5,6,4,5,4,5,5,5,4,5,6,6,5,4,5,5,6,5,5,4,5,4,6,7,5,3,4,2,4,1,6,3,1,6,3,4,4,6,5,1,1,1,6,6,6,5,1,6,2,3,4,4,5,1,2,2,1,4,4,1,1,4,1,3,2,1,2,1,3,2,2,3,2,6,6,4,5,6,6,5,6,4,6,6,4,5,4,5,5,5,4,5,6,6,5,4,5,5,6,5,5,4,5,4,6,7,5,4,5,2,4,1,6,3,1,6.0,3.0,4.0,4.0,6.0,5.0,1.0,1.0,1.0,6.0,6.0,6.0,5.0,1.0,6.0,2.0,3.0,4.0,4.0,5.0,1,2,2,1,4,4,1,1,4,1,3,2,1,2,1,3,2,2,2,2,,,,,,,,,,,,,,,,,,,,,,,,,,,,,,,,,,,,,,,,
138,5,6,4,5,4,5,5,6,4,5,6,4,5,4,5,5,5,5,6,6,6,5,4,5,5,6,5,6,4,5,4,6,7,5,2,4,3,5,1,6,4,1,4,3,4,3,5,5,1,2,2,5,5,5,5,2,5,2,3,4,3,5,1,1,2,2,3,4,1,1,4,1,3,4,1,2,1,3,3,2,3,2,5,6,4,5,5,5,5,6,4,5,6,4,5,4,5,5,5,5,6,6,6,5,4,5,5,6,5,6,4,5,4,6,7,5,2,5,3,5,1,6,4,1,4.0,3.0,4.0,3.0,5.0,5.0,1.0,2.0,2.0,5.0,5.0,5.0,5.0,2.0,5.0,2.0,3.0,4.0,3.0,5.0,1,1,2,2,3,4,1,1,4,1,3,4,1,2,1,3,3,2,2,2,,,,,,,,,,,,,,,,,,,,,,,,,,,,,,,,,,,,,,,,
139,6,6,4,5,5,5,4,6,4,5,6,4,5,3,5,5,5,3,5,6,6,5,5,5,5,6,5,6,4,6,3,6,7,5,2,3,2,4,1,6,3,2,6,3,3,4,5,6,1,1,2,5,6,5,5,1,6,2,2,4,5,5,1,1,1,1,3,3,1,1,4,1,3,3,1,2,1,3,2,1,3,2,6,6,4,5,5,5,4,6,4,5,6,4,5,3,5,5,5,3,5,6,6,5,5,5,5,6,5,6,4,6,3,6,7,6,2,4,2,4,1,6,3,3,6.0,2.0,3.0,3.0,5.0,6.0,1.0,1.0,2.0,5.0,6.0,5.0,5.0,1.0,6.0,2.0,2.0,4.0,5.0,5.0,1,1,1,1,3,2,1,1,4,1,3,3,1,3,2,3,2,1,2,2,,,,,,,,,,,,,,,,,,,,,,,,,,,,,,,,,,,,,,,,
140,6,6,4,5,5,5,6,5,4,5,6,4,5,4,5,5,5,5,6,6,6,5,5,5,6,6,5,6,4,6,5,6,7,5,2,4,2,4,1,6,3,3,5,4,5,4,6,5,1,1,2,6,6,5,5,2,5,3,3,4,2,5,1,1,2,1,3,4,1,1,4,1,3,3,1,2,1,3,2,2,2,2,6,6,5,5,5,5,6,5,5,5,6,4,5,5,6,5,5,5,6,6,6,5,5,5,6,6,5,6,5,6,5,6,7,6,2,4,2,5,1,6,3,3,5.0,3.0,5.0,4.0,6.0,5.0,1.0,1.0,2.0,6.0,6.0,5.0,5.0,2.0,5.0,3.0,3.0,4.0,2.0,5.0,1,1,2,1,3,4,1,1,4,1,3,3,1,2,1,3,2,2,2,2,,,,,,,,,,,,,,,,,,,,,,,,,,,,,,,,,,,,,,,,
141,6,6,4,5,5,5,5,6,4,6,6,5,5,4,5,5,5,5,5,6,6,5,5,6,5,6,6,6,4,6,4,6,7,6,3,4,2,5,2,7,4,1,5,3,4,4,6,6,1,1,1,6,6,6,6,2,6,2,3,5,4,6,1,1,1,1,4,4,1,1,4,1,3,4,1,1,1,2,2,2,2,3,6,6,5,5,5,6,5,6,5,6,6,5,5,4,5,5,5,5,5,6,6,5,5,6,5,6,6,6,5,6,5,6,7,7,3,5,2,5,3,7,4,1,6.0,3.0,4.0,4.0,6.0,6.0,1.0,1.0,1.0,6.0,6.0,6.0,6.0,2.0,6.0,2.0,3.0,5.0,4.0,6.0,1,1,1,1,4,4,1,1,4,1,3,4,1,1,1,2,2,2,2,3,,,,,,,,,,,,,,,,,,,,,,,,,,,,,,,,,,,,,,,,
142,6,6,4,5,5,5,4,6,4,5,6,4,5,3,5,5,5,4,5,6,6,5,5,5,5,6,5,6,4,6,4,6,7,5,2,4,3,6,2,7,4,1,5,3,4,4,5,5,1,1,1,5,6,5,5,2,6,2,3,4,4,5,1,1,2,1,3,3,1,1,4,1,3,3,1,2,1,2,2,2,3,2,6,6,5,5,5,5,4,6,5,5,6,4,5,4,5,5,5,5,5,6,6,5,5,5,5,6,5,6,5,6,4,6,7,5,2,5,3,6,2,7,4,1,5.0,3.0,4.0,4.0,5.0,5.0,1.0,1.0,1.0,5.0,6.0,5.0,5.0,2.0,6.0,2.0,3.0,4.0,4.0,5.0,1,1,2,1,3,3,1,1,4,1,3,3,1,2,1,3,2,2,2,2,,,,,,,,,,,,,,,,,,,,,,,,,,,,,,,,,,,,,,,,
143,5,6,4,5,4,5,4,5,4,6,6,4,5,3,5,5,5,4,6,6,6,5,4,5,5,6,6,6,4,6,4,6,7,5,2,4,3,5,1,6,3,1,5,4,5,4,4,5,1,1,1,5,5,5,5,2,6,3,3,4,3,5,2,1,2,1,4,4,1,1,4,1,3,3,1,2,1,2,3,2,3,2,5,6,4,5,5,5,4,5,4,6,6,4,5,3,5,5,5,4,6,6,6,5,4,5,5,6,6,6,4,6,4,6,7,6,2,4,3,5,1,6,3,1,5.0,3.0,5.0,4.0,4.0,5.0,1.0,1.0,1.0,5.0,5.0,5.0,5.0,2.0,6.0,3.0,3.0,4.0,3.0,5.0,1,1,2,1,3,3,1,1,4,1,3,4,1,2,1,2,2,2,2,2,,,,,,,,,,,,,,,,,,,,,,,,,,,,,,,,,,,,,,,,
144,6,6,4,5,4,5,5,6,4,5,6,4,4,3,5,5,4,4,5,6,6,4,4,4,5,6,5,6,4,5,3,6,7,5,2,4,3,5,1,5,3,3,5,3,4,3,5,6,1,1,2,6,6,6,5,2,5,3,3,4,3,5,1,1,2,1,4,4,1,1,4,1,3,4,1,2,1,2,3,2,3,3,6,6,4,5,5,5,5,6,4,5,6,4,5,3,5,5,4,4,5,6,6,4,4,4,5,6,5,6,4,5,3,6,7,6,2,4,3,5,1,6,3,3,5.0,3.0,4.0,3.0,5.0,6.0,1.0,1.0,2.0,6.0,6.0,6.0,5.0,2.0,5.0,3.0,3.0,4.0,3.0,5.0,1,1,2,1,4,4,1,1,4,1,3,4,1,2,1,2,3,2,2,2,,,,,,,,,,,,,,,,,,,,,,,,,,,,,,,,,,,,,,,,
145,6,6,4,5,4,6,5,5,4,5,6,4,5,4,5,5,5,4,5,6,6,5,5,5,5,6,6,5,5,6,4,6,7,6,2,4,5,5,1,4,3,1,6,3,1,3,6,6,1,1,1,6,6,6,6,1,6,2,1,4,4,6,1,1,1,1,3,3,1,1,4,1,3,4,1,2,1,3,2,2,3,2,6,6,5,6,5,6,5,5,5,5,6,5,5,5,6,6,5,5,6,6,6,5,6,6,6,6,6,6,5,6,5,6,7,6,2,5,5,6,1,4,4,1,6.0,3.0,1.0,3.0,6.0,6.0,1.0,1.0,1.0,6.0,6.0,6.0,6.0,1.0,6.0,2.0,1.0,4.0,4.0,6.0,1,1,1,1,3,3,1,1,4,1,3,4,1,2,1,3,2,2,3,2,,,,,,,,,,,,,,,,,,,,,,,,,,,,,,,,,,,,,,,,
146,6,6,4,4,4,5,5,6,3,4,5,3,4,3,4,5,4,4,4,6,6,5,5,5,5,6,5,5,4,6,4,6,7,5,2,1,3,4,1,6,3,4,6,3,4,5,6,6,1,1,2,6,6,6,6,2,6,2,3,4,4,6,1,1,1,1,3,3,2,1,4,1,4,4,1,2,1,2,3,2,3,3,6,6,5,5,4,5,5,6,4,4,6,3,5,4,5,5,4,5,5,6,6,5,5,5,5,6,5,6,5,6,5,6,7,6,2,2,3,5,1,6,4,3,6.0,3.0,4.0,5.0,6.0,6.0,1.0,1.0,2.0,6.0,6.0,6.0,6.0,2.0,6.0,2.0,3.0,4.0,4.0,6.0,1,1,1,1,3,3,2,1,4,1,4,4,1,3,1,3,2,1,2,2,,,,,,,,,,,,,,,,,,,,,,,,,,,,,,,,,,,,,,,,
147,6,6,4,5,4,5,5,6,4,5,6,4,5,3,5,5,5,4,5,6,6,5,5,5,5,6,6,5,4,6,4,6,7,5,2,4,3,6,1,6,3,2,3,3,5,4,4,3,1,1,2,5,6,6,5,2,6,3,4,4,3,5,1,2,1,1,3,4,1,1,3,1,3,4,1,2,1,2,3,2,3,3,6,6,5,5,5,6,5,6,4,5,6,4,5,4,6,5,5,4,5,6,6,5,5,5,5,6,6,5,4,6,4,6,7,6,2,5,3,6,1,6,4,3,4.0,3.0,5.0,4.0,4.0,3.0,1.0,1.0,2.0,5.0,6.0,6.0,5.0,2.0,6.0,3.0,4.0,4.0,3.0,5.0,1,2,1,1,3,4,1,1,3,1,3,4,1,2,1,3,2,2,2,2,,,,,,,,,,,,,,,,,,,,,,,,,,,,,,,,,,,,,,,,
148,6,6,4,5,5,6,6,6,5,6,6,5,5,4,6,6,5,5,6,6,6,5,5,6,5,6,6,6,5,6,5,6,7,6,3,5,4,5,2,1,4,1,6,3,4,4,6,6,1,1,1,6,6,6,6,2,6,2,3,4,3,6,1,1,1,1,4,4,2,3,4,1,3,4,1,2,1,3,2,1,3,2,6,6,5,5,5,6,6,6,5,6,6,5,5,5,6,6,5,5,6,6,6,5,5,6,5,6,6,6,5,6,5,6,7,6,3,5,4,5,2,1,4,1,6.0,3.0,4.0,4.0,6.0,6.0,1.0,1.0,1.0,6.0,6.0,6.0,6.0,2.0,6.0,2.0,3.0,4.0,3.0,6.0,1,1,1,1,4,4,2,3,4,1,3,4,1,2,1,3,2,1,3,2,,,,,,,,,,,,,,,,,,,,,,,,,,,,,,,,,,,,,,,,
149,5,6,4,5,5,5,4,6,4,6,6,4,5,4,5,5,4,4,5,6,6,5,5,4,5,6,5,6,4,6,4,6,7,5,2,5,3,4,3,5,6,1,5,3,4,4,5,6,2,1,1,6,5,5,5,2,6,3,3,4,4,5,1,1,1,1,3,4,1,1,3,1,3,2,1,2,1,2,3,3,3,3,5,6,5,5,5,5,4,6,5,6,6,4,5,4,5,5,4,5,5,6,6,5,5,4,5,6,5,6,5,6,4,6,7,6,2,6,3,4,3,5,6,1,5.0,3.0,4.0,4.0,6.0,6.0,2.0,1.0,1.0,6.0,5.0,5.0,5.0,2.0,6.0,3.0,3.0,4.0,4.0,5.0,1,1,1,1,3,4,1,1,3,1,3,2,1,2,2,3,3,3,2,2,,,,,,,,,,,,,,,,,,,,,,,,,,,,,,,,,,,,,,,,
150,6,6,4,5,5,5,6,6,4,5,6,4,5,3,5,5,5,4,5,6,6,5,5,4,5,6,6,6,4,6,4,6,7,5,2,3,1,5,1,6,4,3,6,3,1,4,5,5,1,1,1,6,6,6,6,2,6,2,3,4,4,6,1,1,1,1,3,3,1,1,4,1,3,3,1,2,1,3,2,2,2,2,6,6,4,5,5,5,6,6,4,5,6,4,5,3,5,5,5,4,5,6,6,5,5,4,5,6,6,6,4,6,4,6,7,5,2,3,1,5,1,6,4,3,6.0,3.0,1.0,4.0,5.0,5.0,1.0,1.0,1.0,6.0,6.0,6.0,6.0,2.0,6.0,2.0,3.0,4.0,4.0,6.0,1,1,1,1,3,3,1,1,4,1,3,3,1,2,1,3,2,2,2,2,,,,,,,,,,,,,,,,,,,,,,,,,,,,,,,,,,,,,,,,
151,6,6,4,5,5,6,6,6,5,6,6,5,5,4,5,6,6,5,5,6,6,6,6,6,5,6,6,6,5,6,5,6,7,6,3,4,3,6,2,5,4,1,6,1,2,2,6,6,1,1,1,6,6,6,6,2,6,2,1,4,2,6,1,1,1,1,4,4,2,1,3,1,4,3,1,2,1,3,3,2,3,2,6,6,5,5,5,6,6,6,5,6,6,5,5,4,5,6,6,5,5,6,6,6,6,6,5,6,6,6,5,6,5,6,7,6,3,5,3,6,2,5,4,1,6.0,1.0,2.0,2.0,6.0,6.0,1.0,1.0,1.0,6.0,6.0,6.0,6.0,2.0,6.0,2.0,1.0,4.0,2.0,6.0,1,1,1,1,4,4,2,1,3,1,4,3,1,3,1,3,3,1,2,2,,,,,,,,,,,,,,,,,,,,,,,,,,,,,,,,,,,,,,,,
