student_id,item_DSS_PRE_Q1,item_DSS_PRE_Q2,item_DSS_PRE_Q3,item_DSS_PRE_Q4,item_DSS_PRE_Q5,item_DSS_PRE_Q6,item_DSS_PRE_Q7,item_DSS_PRE_Q8,item_DSS_PRE_Q9,item_GHSQ_PE_PRE_Q1,item_GHSQ_PE_PRE_Q2,item_GHSQ_PE_PRE_Q3,item_GHSQ_PE_PRE_Q4,item_GHSQ_PE_PRE_Q5,item_GHSQ_PE_PRE_Q6,item_GHSQ_PE_PRE_Q7,item_GHSQ_PE_PRE_Q8,item_GHSQ_PE_PRE_Q9,item_GHSQ_PE_PRE_Q10,item_THERMO_PRE_Black,item_THERMO_PRE_White,item_DSS_POST_Q1,item_DSS_POST_Q2,item_DSS_POST_Q3,item_DSS_POST_Q4,item_DSS_POST_Q5,item_DSS_POST_Q6,item_DSS_POST_Q7,item_DSS_POST_Q8,item_DSS_POST_Q9,item_GHSQ_PE_POST_Q1,item_GHSQ_PE_POST_Q2,item_GHSQ_PE_POST_Q3,item_GHSQ_PE_POST_Q4,item_GHSQ_PE_POST_Q5,item_GHSQ_PE_POST_Q6,item_GHSQ_PE_POST_Q7,item_GHSQ_PE_POST_Q8,item_GHSQ_PE_POST_Q9,item_GHSQ_PE_POST_Q10,item_THERMO_POST_Black,item_THERMO_POST_White,Unnamed: 43,Unnamed: 44,Unnamed: 45,Unnamed: 46,Unnamed: 47,Unnamed: 48,Unnamed: 49,Unnamed: 50,Unnamed: 51,Unnamed: 52,Unnamed: 53,Unnamed: 54,Unnamed: 55,Unnamed: 56,Unnamed: 57,Unnamed: 58,Unnamed: 59,Unnamed: 60,Unnamed: 61,Unnamed: 62,Unnamed: 63,Unnamed: 64,Unnamed: 65,Unnamed: 66,Unnamed: 67,Unnamed: 68,Unnamed: 69,Unnamed: 70,Unnamed: 71,Unnamed: 72,Unnamed: 73,Unnamed: 74,Unnamed: 75,Unnamed: 76,Unnamed: 77,Unnamed: 78,Unnamed: 79,Unnamed: 80,Unnamed: 81,Unnamed: 82,Unnamed: 83,Unnamed: 84,Unnamed: 85,Unnamed: 86,Unnamed: 87,Unnamed: 88,Unnamed: 89,Unnamed: 90,Unnamed: 91,Unnamed: 92,Unnamed: 93,item_JUDGE_POST_IJB_Q9,item_EMO_POST_Felt_Inspired,item_EMO_POST_Felt_Sympathetic,item_EMO_POST_Felt_Touched,item_EMO_POST_Felt_Good,item_EMO_POST_Felt_Hopeful,item_EMO_POST_Felt_Happy,item_EMO_POST_Felt_Comforted,item_EMO_POST_Felt_Moved,item_EMO_POST_Felt_Encouraged,item_EMO_POST_Felt_Uplifted
2,2.0,1.0,1.0,1.0,1.0,2.0,4.0,3.0,2.0,1.0,6.0,4.0,2.0,5.0,3.0,2.0,1.0,3.0,4.0,65.0,75.0,2.0,1.0,1.0,1.0,1.0,2.0,4.0,3.0,2.0,1.0,6.0,4.0,2.0,5.0,3.0,2.0,1.0,2.0,4.0,78.0,73.0,,,,,,,,,,,,,,,,,,,,,,,,,,,,,,,,,,,,,,,,,,,,,,,,,,,,,,,,,,,,,,
12,2.0,1.0,1.0,1.0,1.0,2.0,3.0,1.0,2.0,1.0,6.0,6.0,2.0,7.0,4.0,3.0,1.0,1.0,4.0,70.0,80.0,2.0,1.0,1.0,1.0,1.0,2.0,3.0,1.0,2.0,1.0,6.0,6.0,2.0,7.0,4.0,3.0,1.0,1.0,4.0,85.0,80.0,,,,,,,,,,,,,,,,,,,,,,,,,,,,,,,,,,,,,,,,,,,,,,,,,,,,,,,,,,,,,,
14,2.0,1.0,1.0,1.0,1.0,2.0,2.0,1.0,2.0,3.0,6.0,6.0,4.0,6.0,4.0,5.0,2.0,1.0,4.0,75.0,80.0,2.0,1.0,1.0,1.0,1.0,2.0,2.0,1.0,2.0,3.0,6.0,6.0,4.0,6.0,4.0,5.0,2.0,1.0,4.0,85.0,80.0,,,,,,,,,,,,,,,,,,,,,,,,,,,,,,,,,,,,,,,,,,,,,,,,,,,,,,,,,,,,,,
16,2.0,1.0,1.0,1.0,1.0,2.0,2.0,1.0,2.0,1.0,6.0,5.0,2.0,4.0,3.0,2.0,1.0,1.0,4.0,75.0,80.0,2.0,1.0,1.0,1.0,1.0,2.0,2.0,1.0,2.0,1.0,6.0,5.0,2.0,5.0,3.0,2.0,1.0,1.0,5.0,85.0,80.0,,,,,,,,,,,,,,,,,,,,,,,,,,,,,,,,,,,,,,,,,,,,,,,,,,,,,,,,,,,,,,
22,2.0,1.0,1.0,1.0,1.0,2.0,4.0,1.0,2.0,3.0,5.0,4.0,2.0,7.0,3.0,1.0,1.0,1.0,3.0,65.0,70.0,2.0,1.0,1.0,1.0,1.0,2.0,4.0,1.0,2.0,3.0,5.0,4.0,2.0,7.0,3.0,1.0,1.0,1.0,3.0,75.0,70.0,,,,,,,,,,,,,,,,,,,,,,,,,,,,,,,,,,,,,,,,,,,,,,,,,,,,,,,,,,,,,,
24,1.0,1.0,1.0,1.0,1.0,2.0,4.0,1.0,2.0,1.0,5.0,4.0,2.0,7.0,3.0,2.0,1.0,3.0,4.0,75.0,80.0,1.0,1.0,1.0,1.0,1.0,2.0,4.0,1.0,2.0,1.0,5.0,4.0,2.0,7.0,3.0,2.0,1.0,3.0,4.0,80.0,80.0,,,,,,,,,,,,,,,,,,,,,,,,,,,,,,,,,,,,,,,,,,,,,,,,,,,,,,,,,,,,,,
29,2.0,1.0,1.0,1.0,1.0,1.0,1.0,1.0,2.0,4.0,3.0,1.0,3.0,7.0,2.0,1.0,1.0,4.0,4.0,65.0,75.0,2.0,1.0,1.0,1.0,1.0,2.0,1.0,1.0,2.0,4.0,3.0,1.0,3.0,7.0,2.0,1.0,1.0,4.0,4.0,70.0,75.0,,,,,,,,,,,,,,,,,,,,,,,,,,,,,,,,,,,,,,,,,,,,,,,,,,,,,,,,,,,,,,
38,2.0,1.0,1.0,1.0,1.0,2.0,2.0,2.0,2.0,1.0,4.0,4.0,2.0,5.0,3.0,3.0,1.0,1.0,4.0,75.0,80.0,2.0,1.0,1.0,1.0,1.0,2.0,2.0,2.0,2.0,1.0,4.0,4.0,2.0,6.0,3.0,3.0,1.0,1.0,4.0,85.0,80.0,,,,,,,,,,,,,,,,,,,,,,,,,,,,,,,,,,,,,,,,,,,,,,,,,,,,,,,,,,,,,,
39,1.0,1.0,1.0,1.0,1.0,3.0,4.0,4.0,2.0,1.0,3.0,1.0,1.0,6.0,2.0,1.0,1.0,4.0,2.0,50.0,50.0,1.0,1.0,1.0,1.0,1.0,3.0,3.0,4.0,2.0,1.0,4.0,1.0,1.0,7.0,3.0,1.0,1.0,3.0,2.0,60.0,50.0,,,,,,,,,,,,,,,,,,,,,,,,,,,,,,,,,,,,,,,,,,,,,,,,,,,,,,,,,,,,,,
43,1.0,1.0,1.0,1.0,1.0,2.0,3.0,1.0,2.0,1.0,3.0,2.0,1.0,7.0,4.0,3.0,1.0,2.0,3.0,70.0,75.0,1.0,1.0,1.0,1.0,1.0,2.0,3.0,1.0,2.0,1.0,3.0,2.0,1.0,7.0,4.0,3.0,1.0,2.0,3.0,75.0,75.0,,,,,,,,,,,,,,,,,,,,,,,,,,,,,,,,,,,,,,,,,,,,,,,,,,,,,,,,,,,,,,
47,1.0,1.0,1.0,1.0,1.0,2.0,3.0,1.0,2.0,1.0,4.0,5.0,3.0,6.0,3.0,4.0,1.0,2.0,3.0,70.0,75.0,1.0,1.0,1.0,1.0,1.0,2.0,3.0,1.0,2.0,1.0,4.0,5.0,3.0,6.0,3.0,4.0,1.0,2.0,3.0,75.0,75.0,,,,,,,,,,,,,,,,,,,,,,,,,,,,,,,,,,,,,,,,,,,,,,,,,,,,,,,,,,,,,,
64,2.0,1.0,1.0,1.0,2.0,3.0,3.0,2.0,2.0,1.0,6.0,3.0,2.0,4.0,2.0,3.0,1.0,1.0,4.0,65.0,70.0,2.0,1.0,1.0,1.0,1.0,2.0,3.0,2.0,1.0,1.0,6.0,3.0,2.0,4.0,2.0,3.0,1.0,1.0,4.0,75.0,70.0,,,,,,,,,,,,,,,,,,,,,,,,,,,,,,,,,,,,,,,,,,,,,,,,,,,,,,,,,,,,,,
66,2.0,1.0,1.0,1.0,1.0,2.0,1.0,1.0,2.0,1.0,6.0,3.0,4.0,3.0,2.0,2.0,1.0,1.0,5.0,70.0,75.0,2.0,1.0,1.0,1.0,1.0,2.0,1.0,1.0,2.0,1.0,6.0,3.0,4.0,3.0,2.0,2.0,1.0,1.0,5.0,75.0,75.0,,,,,,,,,,,,,,,,,,,,,,,,,,,,,,,,,,,,,,,,,,,,,,,,,,,,,,,,,,,,,,
67,2.0,1.0,1.0,1.0,1.0,3.0,4.0,2.0,3.0,1.0,6.0,1.0,3.0,2.0,2.0,3.0,1.0,4.0,3.0,75.0,75.0,2.0,1.0,1.0,1.0,1.0,3.0,4.0,2.0,3.0,1.0,6.0,1.0,3.0,2.0,2.0,3.0,1.0,4.0,3.0,75.0,75.0,,,,,,,,,,,,,,,,,,,,,,,,,,,,,,,,,,,,,,,,,,,,,,,,,,,,,,,,,,,,,,
76,1.0,1.0,1.0,1.0,1.0,2.0,3.0,2.0,2.0,1.0,6.0,5.0,2.0,4.0,3.0,2.0,1.0,1.0,4.0,75.0,80.0,1.0,1.0,1.0,1.0,1.0,2.0,3.0,2.0,2.0,1.0,6.0,5.0,2.0,4.0,3.0,2.0,1.0,1.0,4.0,80.0,80.0,,,,,,,,,,,,,,,,,,,,,,,,,,,,,,,,,,,,,,,,,,,,,,,,,,,,,,,,,,,,,,
79,2.0,1.0,1.0,1.0,1.0,2.0,2.0,1.0,2.0,1.0,6.0,3.0,2.0,5.0,2.0,3.0,1.0,1.0,4.0,75.0,80.0,2.0,1.0,1.0,1.0,1.0,2.0,2.0,1.0,2.0,1.0,6.0,3.0,2.0,5.0,2.0,3.0,1.0,1.0,4.0,80.0,80.0,,,,,,,,,,,,,,,,,,,,,,,,,,,,,,,,,,,,,,,,,,,,,,,,,,,,,,,,,,,,,,
80,2.0,1.0,1.0,1.0,1.0,2.0,2.0,1.0,1.0,5.0,6.0,5.0,2.0,4.0,2.0,3.0,1.0,1.0,4.0,75.0,80.0,2.0,1.0,1.0,1.0,1.0,2.0,2.0,1.0,1.0,5.0,6.0,5.0,2.0,4.0,2.0,3.0,1.0,1.0,4.0,80.0,80.0,,,,,,,,,,,,,,,,,,,,,,,,,,,,,,,,,,,,,,,,,,,,,,,,,,,,,,,,,,,,,,
93,2.0,1.0,1.0,1.0,1.0,2.0,4.0,2.0,2.0,1.0,6.0,5.0,2.0,3.0,2.0,2.0,1.0,3.0,4.0,65.0,75.0,2.0,1.0,1.0,1.0,1.0,2.0,4.0,2.0,2.0,1.0,6.0,5.0,2.0,3.0,2.0,2.0,1.0,3.0,4.0,75.0,75.0,,,,,,,,,,,,,,,,,,,,,,,,,,,,,,,,,,,,,,,,,,,,,,,,,,,,,,,,,,,,,,
107,2.0,1.0,1.0,1.0,1.0,2.0,1.0,1.0,2.0,1.0,6.0,5.0,3.0,6.0,2.0,3.0,1.0,2.0,4.0,75.0,75.0,2.0,1.0,1.0,1.0,1.0,2.0,1.0,1.0,2.0,1.0,6.0,5.0,3.0,6.0,2.0,3.0,1.0,2.0,4.0,80.0,75.0,,,,,,,,,,,,,,,,,,,,,,,,,,,,,,,,,,,,,,,,,,,,,,,,,,,,,,,,,,,,,,
111,2.0,1.0,1.0,1.0,1.0,2.0,2.0,2.0,2.0,6.0,7.0,4.0,2.0,5.0,3.0,1.0,1.0,1.0,3.0,75.0,80.0,2.0,1.0,1.0,1.0,1.0,2.0,2.0,2.0,2.0,6.0,7.0,4.0,2.0,5.0,3.0,1.0,1.0,1.0,3.0,80.0,80.0,,,,,,,,,,,,,,,,,,,,,,,,,,,,,,,,,,,,,,,,,,,,,,,,,,,,,,,,,,,,,,
116,2.0,1.0,1.0,1.0,1.0,2.0,2.0,2.0,2.0,1.0,6.0,6.0,3.0,5.0,3.0,3.0,1.0,1.0,4.0,75.0,80.0,2.0,1.0,1.0,1.0,1.0,2.0,2.0,2.0,2.0,1.0,6.0,6.0,3.0,5.0,3.0,3.0,1.0,1.0,4.0,75.0,80.0,,,,,,,,,,,,,,,,,,,,,,,,,,,,,,,,,,,,,,,,,,,,,,,,,,,,,,,,,,,,,,
118,2.0,1.0,1.0,1.0,2.0,2.0,1.0,1.0,2.0,1.0,6.0,6.0,3.0,5.0,2.0,2.0,1.0,1.0,4.0,65.0,75.0,2.0,1.0,1.0,1.0,2.0,2.0,1.0,1.0,2.0,1.0,6.0,6.0,3.0,5.0,2.0,2.0,1.0,1.0,4.0,75.0,75.0,,,,,,,,,,,,,,,,,,,,,,,,,,,,,,,,,,,,,,,,,,,,,,,,,,,,,,,,,,,,,,
120,2.0,1.0,1.0,1.0,1.0,2.0,3.0,1.0,2.0,3.0,6.0,4.0,2.0,7.0,3.0,2.0,1.0,1.0,4.0,75.0,80.0,2.0,1.0,1.0,1.0,1.0,2.0,3.0,1.0,2.0,3.0,6.0,4.0,2.0,7.0,3.0,2.0,1.0,1.0,4.0,85.0,80.0,,,,,,,,,,,,,,,,,,,,,,,,,,,,,,,,,,,,,,,,,,,,,,,,,,,,,,,,,,,,,,
130,1.0,1.0,1.0,1.0,1.0,2.0,1.0,1.0,3.0,1.0,6.0,4.0,2.0,7.0,3.0,3.0,1.0,2.0,4.0,75.0,80.0,1.0,1.0,1.0,1.0,1.0,2.0,1.0,1.0,3.0,1.0,6.0,4.0,2.0,7.0,3.0,3.0,1.0,2.0,4.0,75.0,80.0,,,,,,,,,,,,,,,,,,,,,,,,,,,,,,,,,,,,,,,,,,,,,,,,,,,,,,,,,,,,,,
137,1.0,1.0,1.0,1.0,1.0,1.0,3.0,1.0,2.0,1.0,5.0,4.0,3.0,6.0,2.0,3.0,1.0,1.0,5.0,75.0,80.0,1.0,1.0,1.0,1.0,1.0,1.0,2.0,1.0,2.0,1.0,5.0,5.0,4.0,6.0,2.0,3.0,1.0,1.0,5.0,85.0,80.0,,,,,,,,,,,,,,,,,,,,,,,,,,,,,,,,,,,,,,,,,,,,,,,,,,,,,,,,,,,,,,
146,2.0,1.0,1.0,1.0,1.0,2.0,3.0,2.0,2.0,1.0,7.0,4.0,2.0,4.0,2.0,3.0,1.0,1.0,4.0,75.0,80.0,2.0,1.0,1.0,1.0,1.0,2.0,4.0,2.0,2.0,1.0,7.0,5.0,2.0,5.0,2.0,3.0,1.0,1.0,4.0,85.0,80.0,,,,,,,,,,,,,,,,,,,,,,,,,,,,,,,,,,,,,,,,,,,,,,,,,,,,,,,,,,,,,,
148,2.0,1.0,1.0,1.0,1.0,2.0,3.0,1.0,2.0,3.0,6.0,4.0,2.0,5.0,3.0,3.0,1.0,1.0,4.0,65.0,75.0,2.0,1.0,1.0,1.0,1.0,2.0,3.0,1.0,2.0,3.0,6.0,4.0,2.0,5.0,3.0,3.0,1.0,1.0,4.0,75.0,75.0,,,,,,,,,,,,,,,,,,,,,,,,,,,,,,,,,,,,,,,,,,,,,,,,,,,,,,,,,,,,,,
149,2.0,1.0,1.0,1.0,1.0,3.0,3.0,1.0,3.0,6.0,5.0,2.0,1.0,3.0,3.0,1.0,1.0,4.0,4.0,75.0,80.0,2.0,1.0,1.0,1.0,1.0,3.0,3.0,1.0,3.0,6.0,5.0,2.0,1.0,4.0,3.0,1.0,1.0,4.0,5.0,80.0,80.0,,,,,,,,,,,,,,,,,,,,,,,,,,,,,,,,,,,,,,,,,,,,,,,,,,,,,,,,,,,,,,
152,2.0,1.0,1.0,1.0,1.0,3.0,2.0,1.0,2.0,4.0,6.0,5.0,2.0,6.0,3.0,3.0,1.0,1.0,4.0,70.0,75.0,2.0,1.0,1.0,1.0,1.0,3.0,2.0,1.0,2.0,4.0,6.0,5.0,2.0,6.0,3.0,3.0,1.0,1.0,4.0,75.0,75.0,,,,,,,,,,,,,,,,,,,,,,,,,,,,,,,,,,,,,,,,,,,,,,,,,,,,,,,,,,,,,,
159,2.0,1.0,2.0,1.0,1.0,3.0,4.0,3.0,2.0,1.0,4.0,2.0,3.0,1.0,1.0,2.0,1.0,6.0,3.0,50.0,75.0,2.0,1.0,2.0,1.0,1.0,3.0,4.0,3.0,2.0,1.0,4.0,2.0,2.0,1.0,1.0,2.0,1.0,6.0,3.0,70.0,75.0,,,,,,,,,,,,,,,,,,,,,,,,,,,,,,,,,,,,,,,,,,,,,,,,,,,,,,,,,,,,,,
163,2.0,1.0,1.0,1.0,1.0,2.0,3.0,2.0,2.0,6.0,6.0,4.0,2.0,5.0,1.0,3.0,1.0,1.0,3.0,65.0,75.0,1.0,1.0,1.0,1.0,1.0,2.0,3.0,2.0,2.0,7.0,6.0,4.0,2.0,5.0,1.0,3.0,1.0,1.0,3.0,75.0,75.0,,,,,,,,,,,,,,,,,,,,,,,,,,,,,,,,,,,,,,,,,,,,,,,,,,,,,,,,,,,,,,
164,2.0,1.0,1.0,1.0,1.0,2.0,3.0,3.0,2.0,1.0,6.0,3.0,2.0,4.0,2.0,3.0,1.0,1.0,3.0,75.0,75.0,2.0,1.0,1.0,1.0,1.0,2.0,3.0,3.0,2.0,1.0,6.0,3.0,2.0,4.0,2.0,3.0,1.0,1.0,3.0,80.0,75.0,,,,,,,,,,,,,,,,,,,,,,,,,,,,,,,,,,,,,,,,,,,,,,,,,,,,,,,,,,,,,,
168,1.0,1.0,1.0,1.0,1.0,2.0,3.0,4.0,2.0,3.0,6.0,1.0,3.0,3.0,2.0,2.0,1.0,4.0,4.0,75.0,70.0,1.0,1.0,1.0,1.0,1.0,2.0,3.0,4.0,2.0,3.0,6.0,1.0,3.0,4.0,2.0,2.0,1.0,4.0,4.0,80.0,70.0,,,,,,,,,,,,,,,,,,,,,,,,,,,,,,,,,,,,,,,,,,,,,,,,,,,,,,,,,,,,,,
171,2.0,1.0,1.0,1.0,1.0,2.0,3.0,2.0,2.0,1.0,6.0,6.0,3.0,3.0,2.0,2.0,1.0,1.0,4.0,65.0,75.0,2.0,1.0,1.0,1.0,1.0,2.0,3.0,2.0,2.0,1.0,6.0,6.0,3.0,4.0,2.0,2.0,1.0,1.0,4.0,75.0,75.0,,,,,,,,,,,,,,,,,,,,,,,,,,,,,,,,,,,,,,,,,,,,,,,,,,,,,,,,,,,,,,
176,2.0,1.0,1.0,1.0,1.0,2.0,3.0,1.0,2.0,4.0,6.0,2.0,3.0,6.0,3.0,2.0,1.0,1.0,4.0,75.0,78.0,2.0,1.0,1.0,1.0,1.0,2.0,3.0,1.0,2.0,4.0,6.0,2.0,3.0,6.0,3.0,2.0,1.0,1.0,4.0,80.0,78.0,,,,,,,,,,,,,,,,,,,,,,,,,,,,,,,,,,,,,,,,,,,,,,,,,,,,,,,,,,,,,,
177,2.0,1.0,1.0,1.0,1.0,1.0,3.0,2.0,2.0,1.0,5.0,2.0,2.0,6.0,3.0,1.0,1.0,2.0,4.0,70.0,75.0,2.0,1.0,1.0,1.0,1.0,1.0,3.0,2.0,2.0,1.0,5.0,2.0,2.0,6.0,3.0,1.0,1.0,2.0,4.0,80.0,75.0,,,,,,,,,,,,,,,,,,,,,,,,,,,,,,,,,,,,,,,,,,,,,,,,,,,,,,,,,,,,,,
178,2.0,1.0,1.0,1.0,1.0,2.0,3.0,2.0,2.0,5.0,6.0,5.0,4.0,6.0,3.0,3.0,1.0,1.0,4.0,75.0,80.0,2.0,1.0,1.0,1.0,1.0,2.0,3.0,2.0,2.0,5.0,6.0,5.0,4.0,6.0,3.0,3.0,1.0,1.0,4.0,80.0,80.0,,,,,,,,,,,,,,,,,,,,,,,,,,,,,,,,,,,,,,,,,,,,,,,,,,,,,,,,,,,,,,
179,1.0,1.0,1.0,1.0,1.0,2.0,3.0,2.0,2.0,5.0,6.0,7.0,3.0,6.0,3.0,2.0,1.0,1.0,4.0,75.0,80.0,1.0,1.0,1.0,1.0,1.0,2.0,3.0,2.0,2.0,6.0,6.0,7.0,3.0,7.0,4.0,2.0,1.0,1.0,4.0,80.0,80.0,,,,,,,,,,,,,,,,,,,,,,,,,,,,,,,,,,,,,,,,,,,,,,,,,,,,,,,,,,,,,,
189,1.0,1.0,1.0,1.0,1.0,2.0,4.0,4.0,3.0,3.0,5.0,2.0,3.0,2.0,1.0,2.0,1.0,5.0,3.0,65.0,70.0,1.0,1.0,1.0,1.0,1.0,2.0,4.0,4.0,3.0,3.0,5.0,2.0,3.0,3.0,1.0,2.0,1.0,5.0,3.0,75.0,70.0,,,,,,,,,,,,,,,,,,,,,,,,,,,,,,,,,,,,,,,,,,,,,,,,,,,,,,,,,,,,,,
198,2.0,1.0,1.0,1.0,1.0,2.0,1.0,1.0,2.0,2.0,5.0,4.0,2.0,5.0,2.0,3.0,1.0,1.0,6.0,75.0,80.0,2.0,1.0,1.0,1.0,1.0,2.0,1.0,1.0,2.0,2.0,5.0,4.0,2.0,5.0,2.0,3.0,1.0,1.0,6.0,80.0,80.0,,,,,,,,,,,,,,,,,,,,,,,,,,,,,,,,,,,,,,,,,,,,,,,,,,,,,,,,,,,,,,
213,2.0,1.0,1.0,1.0,1.0,2.0,3.0,1.0,2.0,1.0,5.0,5.0,3.0,7.0,3.0,3.0,1.0,1.0,4.0,60.0,75.0,2.0,1.0,1.0,1.0,1.0,2.0,3.0,1.0,2.0,1.0,5.0,5.0,3.0,7.0,3.0,3.0,1.0,1.0,4.0,75.0,75.0,,,,,,,,,,,,,,,,,,,,,,,,,,,,,,,,,,,,,,,,,,,,,,,,,,,,,,,,,,,,,,
214,2.0,1.0,1.0,1.0,2.0,2.0,4.0,2.0,3.0,4.0,6.0,2.0,3.0,5.0,3.0,2.0,1.0,2.0,4.0,65.0,75.0,2.0,1.0,1.0,1.0,2.0,2.0,4.0,2.0,3.0,4.0,6.0,2.0,3.0,5.0,3.0,2.0,1.0,2.0,4.0,75.0,75.0,,,,,,,,,,,,,,,,,,,,,,,,,,,,,,,,,,,,,,,,,,,,,,,,,,,,,,,,,,,,,,
224,2.0,1.0,1.0,1.0,1.0,2.0,2.0,2.0,2.0,5.0,6.0,2.0,1.0,4.0,1.0,2.0,1.0,1.0,3.0,75.0,80.0,2.0,1.0,1.0,1.0,1.0,2.0,2.0,2.0,2.0,5.0,6.0,2.0,1.0,4.0,1.0,2.0,1.0,1.0,3.0,80.0,80.0,,,,,,,,,,,,,,,,,,,,,,,,,,,,,,,,,,,,,,,,,,,,,,,,,,,,,,,,,,,,,,
225,2.0,1.0,1.0,1.0,1.0,2.0,3.0,1.0,2.0,6.0,5.0,3.0,4.0,3.0,3.0,2.0,1.0,2.0,4.0,75.0,80.0,2.0,1.0,1.0,1.0,1.0,2.0,3.0,1.0,2.0,6.0,5.0,3.0,4.0,3.0,3.0,2.0,1.0,2.0,4.0,80.0,80.0,,,,,,,,,,,,,,,,,,,,,,,,,,,,,,,,,,,,,,,,,,,,,,,,,,,,,,,,,,,,,,
226,2.0,1.0,1.0,1.0,2.0,3.0,3.0,1.0,2.0,1.0,4.0,2.0,1.0,6.0,1.0,2.0,1.0,4.0,3.0,65.0,70.0,2.0,1.0,1.0,1.0,2.0,3.0,3.0,1.0,2.0,1.0,5.0,2.0,1.0,6.0,1.0,2.0,1.0,4.0,3.0,75.0,70.0,,,,,,,,,,,,,,,,,,,,,,,,,,,,,,,,,,,,,,,,,,,,,,,,,,,,,,,,,,,,,,
234,1.0,1.0,1.0,1.0,1.0,2.0,3.0,1.0,2.0,1.0,6.0,4.0,2.0,6.0,3.0,3.0,1.0,4.0,3.0,65.0,70.0,1.0,1.0,1.0,1.0,1.0,2.0,3.0,1.0,2.0,1.0,6.0,4.0,2.0,6.0,3.0,3.0,1.0,4.0,3.0,75.0,70.0,,,,,,,,,,,,,,,,,,,,,,,,,,,,,,,,,,,,,,,,,,,,,,,,,,,,,,,,,,,,,,
237,2.0,1.0,1.0,1.0,1.0,2.0,3.0,1.0,2.0,1.0,4.0,3.0,2.0,6.0,3.0,3.0,1.0,2.0,4.0,65.0,75.0,2.0,1.0,1.0,1.0,1.0,2.0,3.0,1.0,2.0,1.0,4.0,3.0,2.0,6.0,3.0,3.0,1.0,2.0,4.0,75.0,75.0,,,,,,,,,,,,,,,,,,,,,,,,,,,,,,,,,,,,,,,,,,,,,,,,,,,,,,,,,,,,,,
240,2.0,1.0,1.0,1.0,1.0,2.0,4.0,2.0,2.0,1.0,6.0,5.0,3.0,4.0,2.0,2.0,1.0,1.0,4.0,70.0,75.0,2.0,1.0,1.0,1.0,1.0,2.0,4.0,2.0,2.0,1.0,6.0,5.0,3.0,4.0,2.0,2.0,1.0,1.0,4.0,75.0,75.0,,,,,,,,,,,,,,,,,,,,,,,,,,,,,,,,,,,,,,,,,,,,,,,,,,,,,,,,,,,,,,
247,2.0,1.0,1.0,1.0,1.0,2.0,3.0,1.0,2.0,1.0,6.0,6.0,4.0,5.0,2.0,3.0,1.0,1.0,5.0,65.0,75.0,2.0,1.0,1.0,1.0,1.0,2.0,3.0,1.0,2.0,1.0,6.0,6.0,4.0,5.0,2.0,3.0,1.0,1.0,5.0,75.0,75.0,,,,,,,,,,,,,,,,,,,,,,,,,,,,,,,,,,,,,,,,,,,,,,,,,,,,,,,,,,,,,,
248,1.0,1.0,1.0,1.0,1.0,3.0,4.0,3.0,3.0,6.0,4.0,2.0,1.0,3.0,3.0,1.0,1.0,4.0,5.0,65.0,70.0,1.0,1.0,1.0,1.0,1.0,3.0,4.0,3.0,3.0,6.0,4.0,2.0,1.0,3.0,3.0,1.0,1.0,4.0,5.0,75.0,70.0,,,,,,,,,,,,,,,,,,,,,,,,,,,,,,,,,,,,,,,,,,,,,,,,,,,,,,,,,,,,,,
259,2.0,1.0,1.0,1.0,1.0,3.0,4.0,2.0,3.0,1.0,6.0,4.0,2.0,3.0,4.0,1.0,1.0,1.0,5.0,70.0,75.0,2.0,1.0,1.0,1.0,1.0,3.0,4.0,2.0,3.0,1.0,6.0,5.0,2.0,3.0,4.0,1.0,1.0,1.0,5.0,75.0,75.0,,,,,,,,,,,,,,,,,,,,,,,,,,,,,,,,,,,,,,,,,,,,,,,,,,,,,,,,,,,,,,
269,1.0,1.0,1.0,1.0,1.0,2.0,2.0,1.0,2.0,1.0,6.0,7.0,3.0,7.0,2.0,4.0,1.0,1.0,4.0,75.0,80.0,1.0,1.0,1.0,1.0,1.0,2.0,2.0,1.0,2.0,1.0,6.0,7.0,3.0,7.0,2.0,4.0,1.0,1.0,4.0,85.0,80.0,,,,,,,,,,,,,,,,,,,,,,,,,,,,,,,,,,,,,,,,,,,,,,,,,,,,,,,,,,,,,,
271,2.0,1.0,1.0,1.0,2.0,3.0,3.0,1.0,2.0,1.0,6.0,6.0,4.0,5.0,3.0,2.0,1.0,1.0,3.0,75.0,80.0,2.0,1.0,1.0,1.0,2.0,3.0,3.0,1.0,2.0,1.0,6.0,6.0,4.0,5.0,3.0,2.0,1.0,1.0,3.0,80.0,80.0,,,,,,,,,,,,,,,,,,,,,,,,,,,,,,,,,,,,,,,,,,,,,,,,,,,,,,,,,,,,,,
276,2.0,1.0,1.0,1.0,1.0,2.0,3.0,1.0,2.0,1.0,6.0,7.0,4.0,7.0,3.0,3.0,1.0,1.0,4.0,75.0,80.0,2.0,1.0,1.0,1.0,1.0,2.0,3.0,1.0,2.0,1.0,6.0,7.0,4.0,7.0,3.0,3.0,1.0,1.0,4.0,80.0,80.0,,,,,,,,,,,,,,,,,,,,,,,,,,,,,,,,,,,,,,,,,,,,,,,,,,,,,,,,,,,,,,
285,2.0,1.0,1.0,1.0,1.0,3.0,2.0,1.0,2.0,1.0,6.0,2.0,3.0,4.0,3.0,1.0,1.0,5.0,4.0,75.0,78.0,2.0,1.0,1.0,1.0,1.0,3.0,2.0,1.0,2.0,1.0,6.0,3.0,4.0,5.0,3.0,1.0,1.0,4.0,4.0,80.0,78.0,,,,,,,,,,,,,,,,,,,,,,,,,,,,,,,,,,,,,,,,,,,,,,,,,,,,,,,,,,,,,,
287,2.0,1.0,1.0,1.0,1.0,3.0,2.0,1.0,2.0,1.0,6.0,4.0,3.0,7.0,3.0,2.0,1.0,1.0,4.0,65.0,75.0,2.0,1.0,1.0,1.0,1.0,3.0,2.0,1.0,2.0,1.0,6.0,4.0,3.0,7.0,3.0,2.0,1.0,1.0,4.0,85.0,75.0,,,,,,,,,,,,,,,,,,,,,,,,,,,,,,,,,,,,,,,,,,,,,,,,,,,,,,,,,,,,,,
288,1.0,1.0,1.0,1.0,1.0,2.0,5.0,4.0,2.0,1.0,3.0,2.0,1.0,3.0,2.0,1.0,1.0,6.0,2.0,60.0,70.0,1.0,1.0,1.0,1.0,1.0,2.0,5.0,4.0,2.0,1.0,3.0,2.0,1.0,3.0,2.0,1.0,1.0,6.0,2.0,70.0,70.0,,,,,,,,,,,,,,,,,,,,,,,,,,,,,,,,,,,,,,,,,,,,,,,,,,,,,,,,,,,,,,
291,2.0,1.0,1.0,1.0,1.0,2.0,4.0,1.0,2.0,1.0,6.0,3.0,2.0,7.0,3.0,3.0,1.0,1.0,4.0,75.0,80.0,2.0,1.0,1.0,1.0,1.0,2.0,4.0,1.0,2.0,1.0,6.0,4.0,2.0,7.0,3.0,3.0,1.0,1.0,4.0,80.0,80.0,,,,,,,,,,,,,,,,,,,,,,,,,,,,,,,,,,,,,,,,,,,,,,,,,,,,,,,,,,,,,,
296,1.0,1.0,1.0,1.0,1.0,2.0,5.0,4.0,2.0,2.0,4.0,3.0,2.0,5.0,3.0,1.0,1.0,6.0,4.0,65.0,70.0,1.0,1.0,1.0,1.0,1.0,2.0,5.0,4.0,2.0,2.0,5.0,4.0,2.0,5.0,3.0,1.0,1.0,5.0,4.0,75.0,70.0,,,,,,,,,,,,,,,,,,,,,,,,,,,,,,,,,,,,,,,,,,,,,,,,,,,,,,,,,,,,,,
304,2.0,1.0,2.0,1.0,1.0,3.0,4.0,4.0,2.0,1.0,6.0,2.0,3.0,3.0,2.0,3.0,1.0,1.0,4.0,65.0,75.0,2.0,1.0,2.0,1.0,1.0,3.0,4.0,4.0,2.0,1.0,6.0,2.0,3.0,3.0,2.0,3.0,1.0,1.0,4.0,75.0,75.0,,,,,,,,,,,,,,,,,,,,,,,,,,,,,,,,,,,,,,,,,,,,,,,,,,,,,,,,,,,,,,
309,1.0,1.0,1.0,1.0,1.0,2.0,5.0,4.0,3.0,1.0,2.0,1.0,3.0,3.0,2.0,1.0,1.0,6.0,3.0,65.0,70.0,1.0,1.0,1.0,1.0,1.0,2.0,5.0,4.0,3.0,1.0,2.0,1.0,3.0,4.0,2.0,1.0,1.0,6.0,3.0,75.0,70.0,,,,,,,,,,,,,,,,,,,,,,,,,,,,,,,,,,,,,,,,,,,,,,,,,,,,,,,,,,,,,,
315,2.0,1.0,1.0,1.0,1.0,3.0,4.0,1.0,2.0,6.0,7.0,4.0,2.0,5.0,3.0,2.0,1.0,2.0,4.0,65.0,75.0,2.0,1.0,1.0,1.0,1.0,3.0,4.0,1.0,2.0,6.0,7.0,4.0,2.0,5.0,3.0,2.0,1.0,2.0,4.0,75.0,75.0,,,,,,,,,,,,,,,,,,,,,,,,,,,,,,,,,,,,,,,,,,,,,,,,,,,,,,,,,,,,,,
318,2.0,1.0,1.0,1.0,1.0,2.0,3.0,1.0,2.0,1.0,4.0,7.0,2.0,5.0,3.0,2.0,1.0,1.0,4.0,65.0,75.0,2.0,1.0,1.0,1.0,1.0,2.0,3.0,1.0,2.0,1.0,4.0,7.0,2.0,5.0,3.0,2.0,1.0,1.0,4.0,78.0,76.0,,,,,,,,,,,,,,,,,,,,,,,,,,,,,,,,,,,,,,,,,,,,,,,,,,,,,,,,,,,,,,
320,2.0,1.0,1.0,1.0,1.0,2.0,3.0,1.0,2.0,1.0,6.0,5.0,4.0,7.0,2.0,3.0,1.0,1.0,4.0,70.0,75.0,2.0,1.0,1.0,1.0,1.0,2.0,2.0,1.0,2.0,1.0,6.0,5.0,4.0,7.0,2.0,3.0,1.0,1.0,4.0,80.0,75.0,,,,,,,,,,,,,,,,,,,,,,,,,,,,,,,,,,,,,,,,,,,,,,,,,,,,,,,,,,,,,,
326,2.0,2.0,2.0,1.0,1.0,2.0,4.0,3.0,2.0,1.0,5.0,3.0,4.0,2.0,4.0,2.0,1.0,3.0,3.0,70.0,75.0,2.0,2.0,2.0,1.0,1.0,2.0,4.0,3.0,2.0,1.0,5.0,3.0,4.0,2.0,4.0,2.0,1.0,3.0,3.0,80.0,75.0,,,,,,,,,,,,,,,,,,,,,,,,,,,,,,,,,,,,,,,,,,,,,,,,,,,,,,,,,,,,,,
327,1.0,1.0,1.0,1.0,1.0,2.0,3.0,1.0,2.0,4.0,6.0,5.0,3.0,7.0,2.0,1.0,1.0,1.0,4.0,70.0,75.0,1.0,1.0,1.0,1.0,1.0,2.0,3.0,1.0,2.0,4.0,6.0,5.0,3.0,7.0,2.0,1.0,1.0,1.0,4.0,75.0,75.0,,,,,,,,,,,,,,,,,,,,,,,,,,,,,,,,,,,,,,,,,,,,,,,,,,,,,,,,,,,,,,
333,2.0,1.0,1.0,1.0,1.0,2.0,3.0,1.0,2.0,6.0,4.0,3.0,2.0,7.0,3.0,2.0,1.0,1.0,4.0,75.0,78.0,2.0,1.0,1.0,1.0,1.0,2.0,3.0,1.0,2.0,6.0,4.0,3.0,2.0,7.0,3.0,2.0,1.0,1.0,4.0,82.0,78.0,,,,,,,,,,,,,,,,,,,,,,,,,,,,,,,,,,,,,,,,,,,,,,,,,,,,,,,,,,,,,,
340,1.0,1.0,1.0,1.0,1.0,3.0,5.0,5.0,3.0,1.0,3.0,1.0,1.0,1.0,1.0,1.0,1.0,7.0,2.0,60.0,70.0,1.0,1.0,1.0,1.0,1.0,3.0,5.0,5.0,3.0,1.0,3.0,1.0,1.0,1.0,1.0,1.0,1.0,7.0,2.0,65.0,70.0,,,,,,,,,,,,,,,,,,,,,,,,,,,,,,,,,,,,,,,,,,,,,,,,,,,,,,,,,,,,,,
343,2.0,1.0,1.0,1.0,1.0,2.0,3.0,3.0,2.0,6.0,6.0,2.0,3.0,4.0,3.0,2.0,1.0,2.0,4.0,65.0,70.0,2.0,1.0,1.0,1.0,1.0,2.0,3.0,3.0,2.0,6.0,6.0,2.0,3.0,5.0,3.0,2.0,1.0,2.0,4.0,75.0,70.0,,,,,,,,,,,,,,,,,,,,,,,,,,,,,,,,,,,,,,,,,,,,,,,,,,,,,,,,,,,,,,
347,2.0,1.0,1.0,1.0,1.0,2.0,3.0,2.0,2.0,1.0,6.0,4.0,2.0,5.0,1.0,2.0,1.0,2.0,4.0,70.0,80.0,2.0,1.0,1.0,1.0,1.0,2.0,3.0,2.0,2.0,1.0,6.0,4.0,2.0,5.0,1.0,2.0,1.0,2.0,4.0,75.0,80.0,,,,,,,,,,,,,,,,,,,,,,,,,,,,,,,,,,,,,,,,,,,,,,,,,,,,,,,,,,,,,,
351,2.0,1.0,1.0,1.0,1.0,2.0,1.0,1.0,2.0,6.0,7.0,5.0,4.0,7.0,2.0,3.0,1.0,1.0,4.0,70.0,75.0,2.0,1.0,1.0,1.0,1.0,2.0,1.0,1.0,2.0,6.0,7.0,5.0,4.0,7.0,2.0,3.0,1.0,1.0,4.0,75.0,75.0,,,,,,,,,,,,,,,,,,,,,,,,,,,,,,,,,,,,,,,,,,,,,,,,,,,,,,,,,,,,,,
359,2.0,2.0,1.0,1.0,1.0,2.0,3.0,2.0,2.0,1.0,6.0,5.0,2.0,4.0,2.0,2.0,1.0,1.0,3.0,70.0,75.0,2.0,2.0,1.0,1.0,1.0,2.0,3.0,2.0,2.0,1.0,6.0,5.0,2.0,4.0,2.0,2.0,1.0,1.0,3.0,75.0,75.0,,,,,,,,,,,,,,,,,,,,,,,,,,,,,,,,,,,,,,,,,,,,,,,,,,,,,,,,,,,,,,
361,1.0,1.0,2.0,1.0,1.0,3.0,4.0,3.0,2.0,2.0,6.0,1.0,2.0,5.0,3.0,2.0,1.0,3.0,4.0,65.0,70.0,1.0,1.0,2.0,1.0,1.0,3.0,4.0,3.0,2.0,2.0,6.0,1.0,2.0,5.0,3.0,2.0,1.0,3.0,4.0,75.0,70.0,,,,,,,,,,,,,,,,,,,,,,,,,,,,,,,,,,,,,,,,,,,,,,,,,,,,,,,,,,,,,,
362,1.0,1.0,1.0,1.0,1.0,2.0,4.0,3.0,2.0,1.0,6.0,5.0,2.0,5.0,2.0,3.0,1.0,3.0,4.0,70.0,75.0,1.0,1.0,1.0,1.0,1.0,2.0,4.0,3.0,1.0,1.0,6.0,5.0,2.0,5.0,2.0,3.0,1.0,3.0,4.0,75.0,75.0,,,,,,,,,,,,,,,,,,,,,,,,,,,,,,,,,,,,,,,,,,,,,,,,,,,,,,,,,,,,,,
367,2.0,1.0,1.0,1.0,1.0,3.0,4.0,2.0,3.0,4.0,6.0,5.0,2.0,4.0,1.0,2.0,1.0,3.0,4.0,75.0,80.0,2.0,1.0,1.0,1.0,1.0,3.0,4.0,2.0,3.0,4.0,6.0,5.0,2.0,5.0,1.0,2.0,1.0,3.0,4.0,80.0,80.0,,,,,,,,,,,,,,,,,,,,,,,,,,,,,,,,,,,,,,,,,,,,,,,,,,,,,,,,,,,,,,
375,2.0,1.0,1.0,1.0,1.0,2.0,2.0,2.0,2.0,1.0,6.0,4.0,2.0,3.0,2.0,2.0,1.0,1.0,5.0,65.0,75.0,2.0,1.0,1.0,1.0,1.0,2.0,2.0,2.0,2.0,1.0,6.0,4.0,2.0,3.0,2.0,2.0,1.0,1.0,5.0,75.0,75.0,,,,,,,,,,,,,,,,,,,,,,,,,,,,,,,,,,,,,,,,,,,,,,,,,,,,,,,,,,,,,,
377,2.0,1.0,1.0,1.0,1.0,2.0,2.0,1.0,2.0,5.0,6.0,7.0,4.0,7.0,2.0,3.0,1.0,1.0,4.0,75.0,75.0,2.0,1.0,1.0,1.0,1.0,2.0,2.0,1.0,2.0,5.0,6.0,7.0,4.0,7.0,2.0,3.0,1.0,1.0,4.0,80.0,75.0,,,,,,,,,,,,,,,,,,,,,,,,,,,,,,,,,,,,,,,,,,,,,,,,,,,,,,,,,,,,,,
382,1.0,1.0,1.0,1.0,2.0,3.0,5.0,4.0,3.0,1.0,3.0,1.0,3.0,1.0,2.0,1.0,1.0,7.0,3.0,50.0,60.0,1.0,1.0,1.0,1.0,2.0,3.0,5.0,4.0,3.0,1.0,3.0,1.0,3.0,1.0,2.0,1.0,1.0,6.0,3.0,65.0,60.0,,,,,,,,,,,,,,,,,,,,,,,,,,,,,,,,,,,,,,,,,,,,,,,,,,,,,,,,,,,,,,
401,2.0,1.0,1.0,1.0,1.0,3.0,2.0,1.0,2.0,1.0,6.0,7.0,3.0,6.0,2.0,4.0,1.0,1.0,5.0,75.0,80.0,2.0,1.0,1.0,1.0,1.0,2.0,2.0,1.0,2.0,1.0,6.0,7.0,3.0,6.0,2.0,4.0,1.0,1.0,5.0,85.0,80.0,,,,,,,,,,,,,,,,,,,,,,,,,,,,,,,,,,,,,,,,,,,,,,,,,,,,,,,,,,,,,,
403,2.0,2.0,2.0,1.0,1.0,2.0,2.0,1.0,2.0,1.0,6.0,5.0,3.0,2.0,1.0,2.0,1.0,1.0,4.0,70.0,80.0,2.0,2.0,2.0,1.0,1.0,2.0,2.0,1.0,2.0,1.0,6.0,5.0,3.0,2.0,1.0,2.0,1.0,1.0,4.0,75.0,80.0,,,,,,,,,,,,,,,,,,,,,,,,,,,,,,,,,,,,,,,,,,,,,,,,,,,,,,,,,,,,,,
409,1.0,1.0,1.0,1.0,1.0,2.0,4.0,3.0,3.0,6.0,5.0,1.0,3.0,4.0,2.0,1.0,1.0,4.0,3.0,50.0,75.0,1.0,1.0,1.0,1.0,1.0,2.0,4.0,3.0,3.0,6.0,5.0,1.0,3.0,4.0,2.0,1.0,1.0,4.0,3.0,60.0,75.0,,,,,,,,,,,,,,,,,,,,,,,,,,,,,,,,,,,,,,,,,,,,,,,,,,,,,,,,,,,,,,
417,1.0,1.0,1.0,1.0,1.0,1.0,1.0,1.0,1.0,1.0,6.0,5.0,3.0,6.0,3.0,4.0,1.0,1.0,4.0,85.0,85.0,1.0,1.0,1.0,1.0,1.0,1.0,1.0,1.0,1.0,1.0,6.0,5.0,3.0,6.0,3.0,4.0,1.0,1.0,4.0,85.0,85.0,,,,,,,,,,,,,,,,,,,,,,,,,,,,,,,,,,,,,,,,,,,,,,,,,,,,,,,,,,,,,,
422,1.0,2.0,1.0,1.0,1.0,3.0,4.0,1.0,2.0,1.0,3.0,1.0,1.0,6.0,2.0,2.0,1.0,5.0,3.0,60.0,55.0,1.0,2.0,1.0,1.0,1.0,3.0,4.0,1.0,2.0,1.0,3.0,1.0,1.0,6.0,2.0,2.0,1.0,5.0,3.0,70.0,55.0,,,,,,,,,,,,,,,,,,,,,,,,,,,,,,,,,,,,,,,,,,,,,,,,,,,,,,,,,,,,,,
427,2.0,1.0,1.0,1.0,1.0,1.0,2.0,1.0,2.0,1.0,6.0,6.0,3.0,5.0,2.0,3.0,1.0,1.0,3.0,75.0,78.0,2.0,1.0,1.0,1.0,1.0,1.0,2.0,1.0,2.0,1.0,6.0,6.0,3.0,5.0,2.0,3.0,1.0,1.0,3.0,77.0,78.0,,,,,,,,,,,,,,,,,,,,,,,,,,,,,,,,,,,,,,,,,,,,,,,,,,,,,,,,,,,,,,
430,2.0,1.0,1.0,1.0,1.0,2.0,3.0,2.0,2.0,2.0,6.0,5.0,2.0,4.0,3.0,3.0,1.0,1.0,4.0,75.0,80.0,2.0,1.0,1.0,1.0,1.0,2.0,3.0,2.0,2.0,2.0,6.0,5.0,2.0,5.0,3.0,3.0,1.0,1.0,4.0,85.0,80.0,,,,,,,,,,,,,,,,,,,,,,,,,,,,,,,,,,,,,,,,,,,,,,,,,,,,,,,,,,,,,,
443,2.0,1.0,1.0,1.0,1.0,3.0,4.0,1.0,2.0,1.0,3.0,2.0,2.0,5.0,3.0,3.0,1.0,4.0,4.0,60.0,75.0,2.0,1.0,1.0,1.0,1.0,3.0,4.0,1.0,2.0,1.0,3.0,2.0,2.0,5.0,3.0,3.0,1.0,4.0,5.0,70.0,75.0,,,,,,,,,,,,,,,,,,,,,,,,,,,,,,,,,,,,,,,,,,,,,,,,,,,,,,,,,,,,,,
456,2.0,1.0,1.0,1.0,1.0,2.0,3.0,1.0,2.0,3.0,6.0,4.0,2.0,7.0,3.0,2.0,1.0,2.0,4.0,65.0,70.0,2.0,1.0,1.0,1.0,1.0,2.0,3.0,1.0,2.0,3.0,6.0,4.0,2.0,7.0,3.0,2.0,1.0,2.0,4.0,75.0,70.0,,,,,,,,,,,,,,,,,,,,,,,,,,,,,,,,,,,,,,,,,,,,,,,,,,,,,,,,,,,,,,
463,2.0,1.0,1.0,1.0,1.0,3.0,1.0,1.0,2.0,7.0,5.0,2.0,3.0,7.0,3.0,4.0,1.0,1.0,4.0,75.0,80.0,2.0,1.0,1.0,1.0,1.0,3.0,1.0,1.0,2.0,7.0,5.0,2.0,3.0,7.0,3.0,4.0,1.0,1.0,4.0,80.0,80.0,,,,,,,,,,,,,,,,,,,,,,,,,,,,,,,,,,,,,,,,,,,,,,,,,,,,,,,,,,,,,,
466,2.0,1.0,1.0,1.0,1.0,2.0,2.0,2.0,3.0,4.0,6.0,7.0,3.0,5.0,3.0,4.0,1.0,1.0,4.0,75.0,78.0,2.0,1.0,1.0,1.0,1.0,2.0,2.0,2.0,3.0,4.0,6.0,7.0,3.0,5.0,3.0,4.0,1.0,1.0,4.0,77.0,79.0,,,,,,,,,,,,,,,,,,,,,,,,,,,,,,,,,,,,,,,,,,,,,,,,,,,,,,,,,,,,,,
472,2.0,1.0,1.0,1.0,1.0,2.0,3.0,2.0,2.0,2.0,6.0,5.0,2.0,4.0,3.0,3.0,1.0,1.0,4.0,75.0,80.0,2.0,1.0,1.0,1.0,1.0,2.0,3.0,2.0,2.0,2.0,6.0,5.0,2.0,4.0,3.0,3.0,1.0,1.0,4.0,75.0,80.0,,,,,,,,,,,,,,,,,,,,,,,,,,,,,,,,,,,,,,,,,,,,,,,,,,,,,,,,,,,,,,
473,2.0,1.0,1.0,1.0,1.0,2.0,3.0,3.0,2.0,1.0,6.0,4.0,2.0,4.0,3.0,2.0,1.0,1.0,5.0,85.0,80.0,2.0,1.0,1.0,1.0,1.0,2.0,3.0,3.0,2.0,1.0,6.0,4.0,2.0,4.0,3.0,2.0,1.0,1.0,5.0,85.0,80.0,,,,,,,,,,,,,,,,,,,,,,,,,,,,,,,,,,,,,,,,,,,,,,,,,,,,,,,,,,,,,,
477,2.0,2.0,2.0,1.0,1.0,3.0,4.0,3.0,2.0,1.0,6.0,2.0,3.0,4.0,1.0,2.0,1.0,1.0,4.0,75.0,78.0,2.0,2.0,2.0,1.0,1.0,3.0,4.0,3.0,2.0,1.0,6.0,2.0,3.0,4.0,1.0,2.0,1.0,1.0,4.0,80.0,78.0,,,,,,,,,,,,,,,,,,,,,,,,,,,,,,,,,,,,,,,,,,,,,,,,,,,,,,,,,,,,,,
481,2.0,1.0,1.0,1.0,2.0,2.0,4.0,1.0,3.0,6.0,4.0,2.0,1.0,7.0,3.0,2.0,1.0,3.0,3.0,70.0,75.0,2.0,1.0,1.0,1.0,2.0,2.0,4.0,1.0,3.0,6.0,4.0,2.0,1.0,7.0,3.0,2.0,1.0,3.0,3.0,75.0,75.0,,,,,,,,,,,,,,,,,,,,,,,,,,,,,,,,,,,,,,,,,,,,,,,,,,,,,,,,,,,,,,
487,1.0,1.0,1.0,1.0,1.0,2.0,5.0,4.0,3.0,1.0,2.0,1.0,3.0,2.0,2.0,1.0,1.0,6.0,2.0,70.0,75.0,1.0,1.0,1.0,1.0,1.0,2.0,5.0,4.0,3.0,1.0,2.0,1.0,3.0,2.0,2.0,1.0,1.0,6.0,2.0,75.0,75.0,,,,,,,,,,,,,,,,,,,,,,,,,,,,,,,,,,,,,,,,,,,,,,,,,,,,,,,,,,,,,,
490,1.0,1.0,1.0,1.0,1.0,2.0,3.0,3.0,3.0,1.0,4.0,2.0,3.0,4.0,3.0,2.0,1.0,5.0,3.0,65.0,70.0,2.0,2.0,2.0,1.0,2.0,3.0,3.0,3.0,3.0,1.0,5.0,2.0,3.0,5.0,3.0,2.0,1.0,4.0,3.0,75.0,70.0,,,,,,,,,,,,,,,,,,,,,,,,,,,,,,,,,,,,,,,,,,,,,,,,,,,,,,,,,,,,,,
497,2.0,1.0,1.0,1.0,1.0,2.0,3.0,2.0,2.0,1.0,6.0,3.0,2.0,4.0,1.0,2.0,1.0,1.0,4.0,65.0,65.0,2.0,1.0,1.0,1.0,1.0,2.0,3.0,2.0,2.0,1.0,6.0,3.0,2.0,4.0,1.0,2.0,1.0,1.0,4.0,75.0,65.0,,,,,,,,,,,,,,,,,,,,,,,,,,,,,,,,,,,,,,,,,,,,,,,,,,,,,,,,,,,,,,
500,2.0,1.0,1.0,1.0,1.0,2.0,3.0,2.0,2.0,1.0,5.0,4.0,2.0,3.0,4.0,2.0,1.0,3.0,5.0,75.0,78.0,2.0,1.0,1.0,1.0,1.0,2.0,3.0,2.0,2.0,1.0,5.0,4.0,2.0,3.0,4.0,2.0,1.0,3.0,5.0,85.0,78.0,,,,,,,,,,,,,,,,,,,,,,,,,,,,,,,,,,,,,,,,,,,,,,,,,,,,,,,,,,,,,,
505,1.0,1.0,1.0,1.0,1.0,2.0,3.0,3.0,2.0,1.0,4.0,1.0,3.0,6.0,3.0,2.0,1.0,4.0,3.0,65.0,75.0,1.0,1.0,1.0,1.0,1.0,2.0,3.0,3.0,2.0,1.0,5.0,1.0,3.0,6.0,3.0,2.0,1.0,4.0,3.0,75.0,75.0,,,,,,,,,,,,,,,,,,,,,,,,,,,,,,,,,,,,,,,,,,,,,,,,,,,,,,,,,,,,,,
509,2.0,1.0,1.0,1.0,1.0,2.0,4.0,3.0,2.0,1.0,4.0,6.0,3.0,3.0,2.0,2.0,1.0,1.0,4.0,85.0,75.0,2.0,1.0,1.0,1.0,1.0,3.0,4.0,3.0,2.0,1.0,5.0,6.0,3.0,4.0,2.0,2.0,1.0,1.0,4.0,85.0,78.0,,,,,,,,,,,,,,,,,,,,,,,,,,,,,,,,,,,,,,,,,,,,,,,,,,,,,,,,,,,,,,
511,1.0,1.0,1.0,1.0,1.0,2.0,2.0,1.0,2.0,4.0,6.0,5.0,2.0,3.0,1.0,2.0,1.0,1.0,3.0,85.0,75.0,1.0,1.0,1.0,1.0,1.0,2.0,2.0,1.0,2.0,4.0,6.0,5.0,2.0,3.0,1.0,2.0,1.0,1.0,3.0,85.0,75.0,,,,,,,,,,,,,,,,,,,,,,,,,,,,,,,,,,,,,,,,,,,,,,,,,,,,,,,,,,,,,,
544,2.0,1.0,1.0,1.0,1.0,2.0,3.0,2.0,2.0,1.0,6.0,4.0,3.0,4.0,2.0,3.0,1.0,2.0,4.0,75.0,80.0,2.0,1.0,1.0,1.0,1.0,2.0,3.0,2.0,2.0,1.0,6.0,4.0,3.0,4.0,2.0,3.0,1.0,2.0,4.0,85.0,80.0,,,,,,,,,,,,,,,,,,,,,,,,,,,,,,,,,,,,,,,,,,,,,,,,,,,,,,,,,,,,,,
551,1.0,1.0,1.0,1.0,1.0,3.0,4.0,3.0,2.0,1.0,5.0,2.0,3.0,6.0,3.0,1.0,1.0,4.0,4.0,65.0,75.0,1.0,1.0,1.0,1.0,1.0,3.0,4.0,3.0,2.0,1.0,6.0,2.0,3.0,6.0,3.0,1.0,1.0,4.0,4.0,70.0,75.0,,,,,,,,,,,,,,,,,,,,,,,,,,,,,,,,,,,,,,,,,,,,,,,,,,,,,,,,,,,,,,
552,2.0,1.0,1.0,1.0,1.0,2.0,4.0,3.0,3.0,1.0,5.0,5.0,2.0,2.0,1.0,1.0,1.0,4.0,3.0,65.0,75.0,2.0,1.0,1.0,1.0,1.0,2.0,4.0,3.0,3.0,1.0,5.0,5.0,2.0,2.0,1.0,1.0,1.0,4.0,3.0,70.0,75.0,,,,,,,,,,,,,,,,,,,,,,,,,,,,,,,,,,,,,,,,,,,,,,,,,,,,,,,,,,,,,,
554,2.0,1.0,1.0,1.0,1.0,3.0,3.0,2.0,2.0,6.0,7.0,4.0,3.0,2.0,3.0,2.0,1.0,2.0,5.0,85.0,80.0,2.0,1.0,1.0,1.0,1.0,3.0,3.0,2.0,2.0,6.0,7.0,4.0,3.0,2.0,3.0,2.0,1.0,2.0,5.0,85.0,80.0,,,,,,,,,,,,,,,,,,,,,,,,,,,,,,,,,,,,,,,,,,,,,,,,,,,,,,,,,,,,,,
558,2.0,1.0,1.0,1.0,1.0,1.0,3.0,2.0,2.0,6.0,7.0,5.0,3.0,4.0,3.0,3.0,1.0,1.0,4.0,90.0,65.0,2.0,1.0,1.0,1.0,1.0,1.0,3.0,2.0,2.0,6.0,7.0,5.0,3.0,5.0,3.0,3.0,1.0,1.0,4.0,92.0,65.0,,,,,,,,,,,,,,,,,,,,,,,,,,,,,,,,,,,,,,,,,,,,,,,,,,,,,,,,,,,,,,
560,1.0,1.0,1.0,1.0,1.0,2.0,3.0,2.0,3.0,2.0,4.0,1.0,1.0,4.0,3.0,2.0,1.0,5.0,3.0,85.0,65.0,1.0,1.0,1.0,1.0,1.0,2.0,3.0,2.0,3.0,2.0,4.0,1.0,1.0,4.0,3.0,2.0,1.0,5.0,3.0,85.0,65.0,,,,,,,,,,,,,,,,,,,,,,,,,,,,,,,,,,,,,,,,,,,,,,,,,,,,,,,,,,,,,,
566,1.0,1.0,1.0,1.0,1.0,2.0,3.0,1.0,2.0,7.0,5.0,3.0,2.0,6.0,2.0,3.0,1.0,1.0,3.0,75.0,80.0,1.0,1.0,1.0,1.0,1.0,2.0,3.0,1.0,2.0,7.0,5.0,4.0,2.0,6.0,2.0,3.0,1.0,1.0,4.0,80.0,80.0,,,,,,,,,,,,,,,,,,,,,,,,,,,,,,,,,,,,,,,,,,,,,,,,,,,,,,,,,,,,,,
567,2.0,1.0,1.0,1.0,3.0,2.0,5.0,4.0,2.0,1.0,4.0,2.0,3.0,5.0,3.0,2.0,1.0,5.0,4.0,60.0,75.0,2.0,1.0,1.0,1.0,3.0,2.0,5.0,4.0,2.0,1.0,4.0,2.0,3.0,5.0,3.0,2.0,1.0,5.0,4.0,80.0,75.0,,,,,,,,,,,,,,,,,,,,,,,,,,,,,,,,,,,,,,,,,,,,,,,,,,,,,,,,,,,,,,
569,1.0,1.0,1.0,1.0,2.0,2.0,5.0,4.0,3.0,1.0,3.0,2.0,3.0,4.0,3.0,1.0,1.0,6.0,4.0,65.0,70.0,1.0,1.0,1.0,1.0,1.0,2.0,5.0,4.0,3.0,1.0,4.0,2.0,3.0,4.0,3.0,1.0,1.0,6.0,5.0,75.0,70.0,,,,,,,,,,,,,,,,,,,,,,,,,,,,,,,,,,,,,,,,,,,,,,,,,,,,,,,,,,,,,,
580,2.0,1.0,1.0,1.0,1.0,3.0,2.0,1.0,2.0,6.0,7.0,5.0,3.0,7.0,3.0,4.0,1.0,1.0,5.0,75.0,80.0,2.0,1.0,1.0,1.0,1.0,3.0,2.0,1.0,2.0,6.0,7.0,5.0,3.0,7.0,3.0,4.0,1.0,1.0,5.0,80.0,80.0,,,,,,,,,,,,,,,,,,,,,,,,,,,,,,,,,,,,,,,,,,,,,,,,,,,,,,,,,,,,,,
587,1.0,1.0,1.0,1.0,1.0,2.0,3.0,2.0,2.0,4.0,6.0,4.0,2.0,4.0,1.0,2.0,1.0,1.0,3.0,85.0,75.0,1.0,1.0,1.0,1.0,1.0,2.0,3.0,2.0,2.0,4.0,6.0,5.0,2.0,5.0,1.0,2.0,1.0,1.0,4.0,90.0,75.0,,,,,,,,,,,,,,,,,,,,,,,,,,,,,,,,,,,,,,,,,,,,,,,,,,,,,,,,,,,,,,
589,1.0,1.0,1.0,1.0,1.0,2.0,2.0,2.0,2.0,1.0,6.0,4.0,3.0,5.0,2.0,3.0,1.0,1.0,4.0,85.0,75.0,1.0,1.0,1.0,1.0,1.0,2.0,2.0,2.0,2.0,1.0,6.0,4.0,3.0,5.0,2.0,3.0,1.0,1.0,5.0,85.0,75.0,,,,,,,,,,,,,,,,,,,,,,,,,,,,,,,,,,,,,,,,,,,,,,,,,,,,,,,,,,,,,,
591,1.0,1.0,1.0,1.0,1.0,2.0,3.0,4.0,2.0,5.0,7.0,2.0,3.0,1.0,1.0,2.0,1.0,4.0,4.0,65.0,70.0,1.0,1.0,1.0,1.0,1.0,2.0,3.0,4.0,2.0,5.0,7.0,2.0,3.0,1.0,1.0,2.0,1.0,4.0,4.0,70.0,70.0,,,,,,,,,,,,,,,,,,,,,,,,,,,,,,,,,,,,,,,,,,,,,,,,,,,,,,,,,,,,,,
610,1.0,1.0,1.0,1.0,1.0,2.0,3.0,2.0,2.0,7.0,6.0,4.0,4.0,5.0,2.0,1.0,1.0,1.0,4.0,85.0,70.0,1.0,1.0,1.0,1.0,1.0,2.0,3.0,2.0,2.0,7.0,6.0,4.0,4.0,5.0,2.0,1.0,1.0,1.0,4.0,85.0,70.0,,,,,,,,,,,,,,,,,,,,,,,,,,,,,,,,,,,,,,,,,,,,,,,,,,,,,,,,,,,,,,
611,2.0,1.0,1.0,1.0,1.0,2.0,3.0,2.0,2.0,1.0,5.0,2.0,1.0,4.0,2.0,2.0,1.0,3.0,3.0,80.0,75.0,2.0,1.0,1.0,1.0,1.0,2.0,3.0,2.0,2.0,1.0,5.0,2.0,1.0,4.0,2.0,2.0,1.0,3.0,3.0,80.0,75.0,,,,,,,,,,,,,,,,,,,,,,,,,,,,,,,,,,,,,,,,,,,,,,,,,,,,,,,,,,,,,,
614,1.0,1.0,1.0,1.0,1.0,2.0,1.0,1.0,2.0,1.0,5.0,2.0,3.0,7.0,4.0,2.0,1.0,2.0,4.0,65.0,75.0,1.0,1.0,1.0,1.0,1.0,2.0,1.0,1.0,2.0,1.0,6.0,2.0,3.0,7.0,4.0,2.0,1.0,2.0,4.0,75.0,75.0,,,,,,,,,,,,,,,,,,,,,,,,,,,,,,,,,,,,,,,,,,,,,,,,,,,,,,,,,,,,,,
617,1.0,1.0,1.0,1.0,1.0,2.0,3.0,1.0,3.0,4.0,6.0,3.0,3.0,5.0,3.0,2.0,1.0,1.0,4.0,65.0,70.0,1.0,1.0,1.0,1.0,1.0,2.0,3.0,1.0,3.0,4.0,6.0,3.0,3.0,5.0,3.0,2.0,1.0,1.0,4.0,75.0,70.0,,,,,,,,,,,,,,,,,,,,,,,,,,,,,,,,,,,,,,,,,,,,,,,,,,,,,,,,,,,,,,
619,2.0,1.0,1.0,1.0,1.0,2.0,5.0,4.0,2.0,1.0,4.0,2.0,3.0,4.0,3.0,2.0,1.0,5.0,3.0,65.0,70.0,2.0,1.0,1.0,1.0,1.0,2.0,5.0,4.0,2.0,1.0,4.0,2.0,3.0,5.0,3.0,2.0,1.0,5.0,3.0,75.0,70.0,,,,,,,,,,,,,,,,,,,,,,,,,,,,,,,,,,,,,,,,,,,,,,,,,,,,,,,,,,,,,,
622,1.0,1.0,1.0,1.0,1.0,2.0,4.0,3.0,3.0,1.0,4.0,2.0,1.0,3.0,1.0,2.0,1.0,5.0,3.0,85.0,60.0,1.0,1.0,1.0,1.0,1.0,2.0,4.0,3.0,3.0,1.0,4.0,2.0,1.0,3.0,1.0,2.0,1.0,5.0,3.0,85.0,60.0,,,,,,,,,,,,,,,,,,,,,,,,,,,,,,,,,,,,,,,,,,,,,,,,,,,,,,,,,,,,,,
628,1.0,1.0,1.0,1.0,1.0,3.0,4.0,3.0,2.0,1.0,3.0,2.0,1.0,3.0,2.0,3.0,1.0,6.0,3.0,65.0,70.0,1.0,1.0,1.0,1.0,1.0,3.0,4.0,3.0,2.0,1.0,3.0,2.0,1.0,3.0,2.0,3.0,1.0,6.0,3.0,75.0,70.0,,,,,,,,,,,,,,,,,,,,,,,,,,,,,,,,,,,,,,,,,,,,,,,,,,,,,,,,,,,,,,
629,2.0,1.0,1.0,1.0,1.0,2.0,3.0,2.0,2.0,1.0,5.0,4.0,2.0,3.0,2.0,1.0,1.0,2.0,3.0,65.0,75.0,2.0,1.0,1.0,1.0,1.0,2.0,3.0,2.0,2.0,1.0,5.0,4.0,2.0,4.0,2.0,1.0,1.0,2.0,3.0,75.0,75.0,,,,,,,,,,,,,,,,,,,,,,,,,,,,,,,,,,,,,,,,,,,,,,,,,,,,,,,,,,,,,,
638,1.0,1.0,1.0,1.0,1.0,2.0,3.0,2.0,2.0,1.0,6.0,2.0,3.0,4.0,3.0,2.0,1.0,4.0,5.0,65.0,75.0,1.0,1.0,1.0,1.0,1.0,2.0,3.0,2.0,2.0,1.0,6.0,2.0,3.0,4.0,3.0,2.0,1.0,4.0,5.0,78.0,75.0,,,,,,,,,,,,,,,,,,,,,,,,,,,,,,,,,,,,,,,,,,,,,,,,,,,,,,,,,,,,,,
643,1.0,1.0,1.0,1.0,1.0,2.0,4.0,3.0,2.0,4.0,7.0,1.0,3.0,2.0,3.0,2.0,1.0,4.0,5.0,85.0,60.0,1.0,1.0,1.0,1.0,1.0,2.0,4.0,3.0,2.0,4.0,7.0,1.0,3.0,3.0,3.0,2.0,1.0,4.0,5.0,85.0,65.0,,,,,,,,,,,,,,,,,,,,,,,,,,,,,,,,,,,,,,,,,,,,,,,,,,,,,,,,,,,,,,
658,2.0,2.0,2.0,1.0,1.0,2.0,4.0,2.0,2.0,1.0,5.0,5.0,2.0,4.0,2.0,3.0,1.0,1.0,4.0,75.0,78.0,2.0,2.0,2.0,1.0,1.0,2.0,4.0,2.0,2.0,1.0,5.0,5.0,2.0,4.0,2.0,3.0,1.0,1.0,4.0,80.0,78.0,,,,,,,,,,,,,,,,,,,,,,,,,,,,,,,,,,,,,,,,,,,,,,,,,,,,,,,,,,,,,,
665,2.0,1.0,1.0,1.0,3.0,3.0,4.0,3.0,3.0,1.0,3.0,2.0,3.0,4.0,2.0,1.0,1.0,5.0,3.0,65.0,40.0,2.0,1.0,1.0,1.0,3.0,3.0,4.0,3.0,3.0,1.0,3.0,2.0,3.0,5.0,2.0,1.0,1.0,5.0,3.0,75.0,40.0,,,,,,,,,,,,,,,,,,,,,,,,,,,,,,,,,,,,,,,,,,,,,,,,,,,,,,,,,,,,,,
667,1.0,1.0,1.0,1.0,1.0,3.0,5.0,5.0,3.0,1.0,3.0,2.0,1.0,1.0,1.0,1.0,1.0,7.0,2.0,60.0,75.0,1.0,1.0,1.0,1.0,1.0,3.0,5.0,5.0,3.0,1.0,3.0,2.0,1.0,1.0,1.0,1.0,1.0,7.0,2.0,70.0,75.0,,,,,,,,,,,,,,,,,,,,,,,,,,,,,,,,,,,,,,,,,,,,,,,,,,,,,,,,,,,,,,
678,2.0,1.0,1.0,1.0,1.0,2.0,4.0,1.0,2.0,6.0,5.0,5.0,2.0,6.0,3.0,2.0,1.0,2.0,4.0,65.0,55.0,2.0,1.0,1.0,1.0,1.0,2.0,4.0,1.0,2.0,6.0,5.0,5.0,2.0,6.0,3.0,2.0,1.0,2.0,4.0,70.0,55.0,,,,,,,,,,,,,,,,,,,,,,,,,,,,,,,,,,,,,,,,,,,,,,,,,,,,,,,,,,,,,,
681,1.0,1.0,1.0,1.0,1.0,2.0,4.0,3.0,2.0,6.0,3.0,2.0,3.0,3.0,2.0,1.0,1.0,4.0,4.0,65.0,70.0,1.0,1.0,1.0,1.0,1.0,3.0,4.0,3.0,2.0,6.0,3.0,2.0,3.0,4.0,2.0,1.0,1.0,4.0,4.0,75.0,70.0,,,,,,,,,,,,,,,,,,,,,,,,,,,,,,,,,,,,,,,,,,,,,,,,,,,,,,,,,,,,,,
685,1.0,1.0,1.0,1.0,1.0,2.0,3.0,3.0,2.0,1.0,5.0,4.0,2.0,3.0,3.0,2.0,1.0,2.0,4.0,75.0,80.0,1.0,1.0,1.0,1.0,1.0,2.0,3.0,3.0,2.0,1.0,5.0,4.0,2.0,3.0,3.0,2.0,1.0,2.0,4.0,85.0,80.0,,,,,,,,,,,,,,,,,,,,,,,,,,,,,,,,,,,,,,,,,,,,,,,,,,,,,,,,,,,,,,
686,2.0,1.0,1.0,1.0,1.0,2.0,3.0,2.0,2.0,1.0,3.0,5.0,4.0,3.0,1.0,3.0,1.0,2.0,4.0,75.0,75.0,2.0,1.0,1.0,1.0,1.0,2.0,3.0,2.0,2.0,1.0,3.0,5.0,4.0,4.0,1.0,4.0,1.0,2.0,4.0,80.0,75.0,,,,,,,,,,,,,,,,,,,,,,,,,,,,,,,,,,,,,,,,,,,,,,,,,,,,,,,,,,,,,,
687,2.0,1.0,1.0,1.0,2.0,2.0,3.0,3.0,2.0,5.0,6.0,3.0,1.0,4.0,2.0,2.0,1.0,3.0,3.0,65.0,75.0,2.0,1.0,1.0,1.0,1.0,2.0,3.0,3.0,2.0,5.0,6.0,3.0,1.0,4.0,2.0,2.0,1.0,3.0,3.0,70.0,75.0,,,,,,,,,,,,,,,,,,,,,,,,,,,,,,,,,,,,,,,,,,,,,,,,,,,,,,,,,,,,,,
694,1.0,1.0,1.0,1.0,1.0,2.0,5.0,4.0,2.0,1.0,3.0,2.0,1.0,2.0,1.0,1.0,1.0,6.0,3.0,85.0,60.0,2.0,1.0,1.0,1.0,1.0,2.0,5.0,4.0,2.0,1.0,3.0,2.0,1.0,2.0,1.0,1.0,1.0,6.0,3.0,85.0,60.0,,,,,,,,,,,,,,,,,,,,,,,,,,,,,,,,,,,,,,,,,,,,,,,,,,,,,,,,,,,,,,
702,2.0,1.0,1.0,1.0,1.0,2.0,4.0,4.0,2.0,1.0,3.0,2.0,1.0,4.0,1.0,2.0,1.0,6.0,3.0,70.0,75.0,2.0,1.0,1.0,1.0,1.0,2.0,4.0,4.0,2.0,1.0,3.0,2.0,1.0,4.0,1.0,2.0,1.0,6.0,3.0,75.0,75.0,,,,,,,,,,,,,,,,,,,,,,,,,,,,,,,,,,,,,,,,,,,,,,,,,,,,,,,,,,,,,,
703,1.0,1.0,1.0,1.0,1.0,2.0,3.0,1.0,2.0,1.0,3.0,4.0,3.0,7.0,2.0,3.0,1.0,1.0,4.0,75.0,75.0,1.0,1.0,1.0,1.0,1.0,2.0,3.0,1.0,2.0,1.0,3.0,4.0,3.0,7.0,2.0,3.0,1.0,1.0,4.0,80.0,75.0,,,,,,,,,,,,,,,,,,,,,,,,,,,,,,,,,,,,,,,,,,,,,,,,,,,,,,,,,,,,,,
704,1.0,1.0,1.0,1.0,1.0,2.0,3.0,1.0,2.0,1.0,3.0,5.0,2.0,7.0,3.0,4.0,1.0,2.0,3.0,65.0,70.0,1.0,1.0,1.0,1.0,1.0,2.0,3.0,1.0,2.0,3.0,4.0,5.0,2.0,7.0,3.0,4.0,1.0,2.0,4.0,80.0,70.0,,,,,,,,,,,,,,,,,,,,,,,,,,,,,,,,,,,,,,,,,,,,,,,,,,,,,,,,,,,,,,
706,2.0,1.0,1.0,1.0,1.0,2.0,3.0,2.0,2.0,5.0,5.0,6.0,4.0,4.0,2.0,3.0,1.0,1.0,4.0,75.0,78.0,2.0,1.0,1.0,1.0,1.0,2.0,3.0,2.0,2.0,5.0,5.0,6.0,4.0,4.0,2.0,3.0,1.0,1.0,4.0,75.0,78.0,,,,,,,,,,,,,,,,,,,,,,,,,,,,,,,,,,,,,,,,,,,,,,,,,,,,,,,,,,,,,,
710,2.0,1.0,1.0,1.0,1.0,2.0,2.0,1.0,2.0,1.0,6.0,5.0,2.0,6.0,2.0,3.0,1.0,1.0,4.0,65.0,75.0,2.0,1.0,1.0,1.0,1.0,2.0,2.0,1.0,2.0,1.0,5.0,5.0,2.0,6.0,2.0,3.0,1.0,1.0,4.0,75.0,75.0,,,,,,,,,,,,,,,,,,,,,,,,,,,,,,,,,,,,,,,,,,,,,,,,,,,,,,,,,,,,,,
713,1.0,1.0,1.0,1.0,1.0,2.0,5.0,4.0,2.0,5.0,3.0,3.0,2.0,3.0,2.0,2.0,1.0,4.0,4.0,85.0,60.0,1.0,1.0,1.0,1.0,1.0,2.0,5.0,4.0,2.0,5.0,3.0,3.0,2.0,3.0,2.0,2.0,1.0,4.0,4.0,85.0,60.0,,,,,,,,,,,,,,,,,,,,,,,,,,,,,,,,,,,,,,,,,,,,,,,,,,,,,,,,,,,,,,
716,1.0,1.0,1.0,1.0,1.0,2.0,4.0,4.0,2.0,1.0,3.0,2.0,1.0,2.0,1.0,2.0,1.0,6.0,3.0,50.0,70.0,1.0,1.0,1.0,1.0,1.0,2.0,4.0,4.0,2.0,1.0,3.0,2.0,1.0,2.0,1.0,2.0,1.0,6.0,3.0,75.0,70.0,,,,,,,,,,,,,,,,,,,,,,,,,,,,,,,,,,,,,,,,,,,,,,,,,,,,,,,,,,,,,,
720,2.0,1.0,1.0,1.0,1.0,2.0,3.0,2.0,1.0,1.0,6.0,2.0,3.0,5.0,4.0,2.0,1.0,1.0,4.0,75.0,75.0,2.0,1.0,1.0,1.0,1.0,2.0,3.0,2.0,1.0,1.0,6.0,2.0,3.0,5.0,4.0,2.0,1.0,1.0,4.0,80.0,75.0,,,,,,,,,,,,,,,,,,,,,,,,,,,,,,,,,,,,,,,,,,,,,,,,,,,,,,,,,,,,,,
736,1.0,1.0,1.0,1.0,1.0,2.0,3.0,1.0,2.0,1.0,4.0,3.0,2.0,6.0,3.0,2.0,1.0,2.0,4.0,65.0,70.0,1.0,1.0,1.0,1.0,1.0,2.0,3.0,1.0,2.0,1.0,5.0,3.0,2.0,6.0,3.0,2.0,1.0,2.0,4.0,75.0,70.0,,,,,,,,,,,,,,,,,,,,,,,,,,,,,,,,,,,,,,,,,,,,,,,,,,,,,,,,,,,,,,
740,1.0,1.0,1.0,1.0,1.0,3.0,5.0,5.0,3.0,1.0,2.0,1.0,1.0,1.0,1.0,1.0,1.0,7.0,2.0,50.0,50.0,1.0,1.0,1.0,1.0,1.0,4.0,5.0,5.0,3.0,1.0,2.0,1.0,1.0,1.0,1.0,1.0,1.0,7.0,2.0,60.0,50.0,,,,,,,,,,,,,,,,,,,,,,,,,,,,,,,,,,,,,,,,,,,,,,,,,,,,,,,,,,,,,,
742,2.0,1.0,1.0,1.0,1.0,2.0,3.0,3.0,3.0,4.0,7.0,5.0,2.0,4.0,3.0,2.0,1.0,1.0,4.0,90.0,75.0,2.0,1.0,1.0,1.0,1.0,2.0,3.0,3.0,3.0,4.0,7.0,5.0,2.0,4.0,3.0,2.0,1.0,1.0,4.0,90.0,75.0,,,,,,,,,,,,,,,,,,,,,,,,,,,,,,,,,,,,,,,,,,,,,,,,,,,,,,,,,,,,,,
744,2.0,1.0,1.0,1.0,1.0,3.0,5.0,3.0,2.0,1.0,6.0,1.0,1.0,4.0,1.0,2.0,1.0,2.0,3.0,60.0,40.0,2.0,1.0,1.0,1.0,1.0,3.0,5.0,3.0,2.0,1.0,6.0,1.0,1.0,5.0,1.0,2.0,1.0,2.0,3.0,70.0,45.0,,,,,,,,,,,,,,,,,,,,,,,,,,,,,,,,,,,,,,,,,,,,,,,,,,,,,,,,,,,,,,
751,2.0,1.0,1.0,1.0,1.0,2.0,4.0,3.0,2.0,1.0,4.0,2.0,3.0,3.0,4.0,2.0,1.0,5.0,3.0,65.0,70.0,2.0,1.0,1.0,1.0,1.0,2.0,3.0,2.0,2.0,1.0,5.0,2.0,3.0,4.0,4.0,2.0,1.0,4.0,4.0,75.0,70.0,,,,,,,,,,,,,,,,,,,,,,,,,,,,,,,,,,,,,,,,,,,,,,,,,,,,,,,,,,,,,,
752,2.0,1.0,1.0,1.0,1.0,2.0,3.0,3.0,2.0,1.0,6.0,2.0,3.0,3.0,1.0,2.0,1.0,1.0,5.0,60.0,80.0,2.0,1.0,1.0,1.0,1.0,2.0,3.0,3.0,2.0,1.0,6.0,2.0,3.0,3.0,1.0,2.0,1.0,1.0,5.0,75.0,80.0,,,,,,,,,,,,,,,,,,,,,,,,,,,,,,,,,,,,,,,,,,,,,,,,,,,,,,,,,,,,,,
756,2.0,1.0,1.0,1.0,1.0,2.0,4.0,3.0,2.0,1.0,6.0,3.0,3.0,2.0,2.0,2.0,1.0,1.0,3.0,65.0,70.0,2.0,1.0,1.0,1.0,1.0,2.0,4.0,3.0,2.0,1.0,6.0,3.0,3.0,2.0,2.0,2.0,1.0,1.0,3.0,75.0,70.0,,,,,,,,,,,,,,,,,,,,,,,,,,,,,,,,,,,,,,,,,,,,,,,,,,,,,,,,,,,,,,
761,2.0,1.0,1.0,1.0,1.0,2.0,3.0,2.0,1.0,1.0,6.0,2.0,3.0,2.0,1.0,2.0,1.0,5.0,3.0,85.0,65.0,2.0,1.0,1.0,1.0,1.0,2.0,3.0,2.0,1.0,1.0,6.0,2.0,3.0,2.0,1.0,2.0,1.0,4.0,3.0,90.0,65.0,,,,,,,,,,,,,,,,,,,,,,,,,,,,,,,,,,,,,,,,,,,,,,,,,,,,,,,,,,,,,,
762,2.0,1.0,1.0,1.0,1.0,3.0,4.0,2.0,2.0,1.0,5.0,3.0,4.0,6.0,3.0,4.0,1.0,2.0,3.0,85.0,60.0,2.0,1.0,1.0,1.0,1.0,3.0,4.0,2.0,2.0,1.0,5.0,3.0,4.0,6.0,3.0,4.0,1.0,2.0,3.0,85.0,60.0,,,,,,,,,,,,,,,,,,,,,,,,,,,,,,,,,,,,,,,,,,,,,,,,,,,,,,,,,,,,,,
767,2.0,1.0,1.0,1.0,1.0,2.0,4.0,3.0,2.0,1.0,4.0,2.0,1.0,3.0,1.0,2.0,1.0,5.0,3.0,75.0,75.0,2.0,1.0,1.0,1.0,1.0,2.0,4.0,3.0,2.0,1.0,5.0,2.0,1.0,4.0,1.0,2.0,1.0,5.0,4.0,80.0,75.0,,,,,,,,,,,,,,,,,,,,,,,,,,,,,,,,,,,,,,,,,,,,,,,,,,,,,,,,,,,,,,
773,1.0,1.0,1.0,1.0,2.0,3.0,4.0,3.0,2.0,2.0,4.0,1.0,3.0,3.0,3.0,1.0,1.0,6.0,5.0,60.0,70.0,1.0,1.0,1.0,1.0,2.0,3.0,4.0,3.0,2.0,2.0,4.0,1.0,3.0,3.0,3.0,1.0,1.0,6.0,5.0,75.0,70.0,,,,,,,,,,,,,,,,,,,,,,,,,,,,,,,,,,,,,,,,,,,,,,,,,,,,,,,,,,,,,,
775,2.0,1.0,1.0,1.0,1.0,2.0,2.0,2.0,2.0,1.0,6.0,5.0,2.0,6.0,3.0,4.0,1.0,1.0,4.0,85.0,88.0,2.0,1.0,1.0,1.0,1.0,2.0,2.0,2.0,2.0,1.0,6.0,5.0,2.0,6.0,3.0,4.0,1.0,1.0,4.0,87.0,90.0,,,,,,,,,,,,,,,,,,,,,,,,,,,,,,,,,,,,,,,,,,,,,,,,,,,,,,,,,,,,,,
777,2.0,1.0,1.0,1.0,1.0,2.0,3.0,1.0,2.0,1.0,6.0,7.0,4.0,6.0,2.0,3.0,1.0,1.0,4.0,85.0,60.0,2.0,1.0,1.0,1.0,1.0,2.0,3.0,1.0,2.0,1.0,6.0,7.0,4.0,6.0,2.0,3.0,1.0,1.0,4.0,85.0,60.0,,,,,,,,,,,,,,,,,,,,,,,,,,,,,,,,,,,,,,,,,,,,,,,,,,,,,,,,,,,,,,
781,2.0,1.0,1.0,1.0,1.0,3.0,4.0,3.0,2.0,1.0,4.0,2.0,3.0,5.0,3.0,2.0,1.0,5.0,4.0,65.0,70.0,2.0,1.0,1.0,1.0,1.0,3.0,4.0,3.0,2.0,1.0,4.0,2.0,3.0,5.0,3.0,2.0,1.0,5.0,4.0,75.0,70.0,,,,,,,,,,,,,,,,,,,,,,,,,,,,,,,,,,,,,,,,,,,,,,,,,,,,,,,,,,,,,,
806,2.0,1.0,1.0,1.0,1.0,2.0,3.0,2.0,2.0,1.0,6.0,4.0,2.0,4.0,2.0,2.0,1.0,1.0,4.0,85.0,85.0,2.0,1.0,1.0,1.0,1.0,2.0,3.0,2.0,2.0,1.0,6.0,4.0,2.0,4.0,2.0,2.0,1.0,1.0,4.0,90.0,85.0,,,,,,,,,,,,,,,,,,,,,,,,,,,,,,,,,,,,,,,,,,,,,,,,,,,,,,,,,,,,,,
826,2.0,1.0,1.0,1.0,1.0,2.0,3.0,1.0,2.0,3.0,6.0,2.0,3.0,4.0,3.0,2.0,1.0,1.0,4.0,75.0,75.0,2.0,1.0,1.0,1.0,1.0,2.0,3.0,1.0,2.0,3.0,6.0,2.0,3.0,4.0,3.0,2.0,1.0,1.0,4.0,80.0,75.0,,,,,,,,,,,,,,,,,,,,,,,,,,,,,,,,,,,,,,,,,,,,,,,,,,,,,,,,,,,,,,
827,1.0,1.0,1.0,1.0,3.0,2.0,5.0,5.0,3.0,1.0,3.0,1.0,2.0,1.0,1.0,2.0,1.0,7.0,2.0,50.0,30.0,1.0,1.0,1.0,1.0,3.0,2.0,5.0,5.0,3.0,1.0,3.0,1.0,2.0,1.0,1.0,2.0,1.0,7.0,2.0,60.0,30.0,,,,,,,,,,,,,,,,,,,,,,,,,,,,,,,,,,,,,,,,,,,,,,,,,,,,,,,,,,,,,,
835,2.0,1.0,1.0,1.0,1.0,2.0,3.0,3.0,3.0,6.0,4.0,3.0,2.0,5.0,3.0,2.0,1.0,1.0,4.0,85.0,60.0,2.0,1.0,1.0,1.0,1.0,2.0,3.0,3.0,2.0,6.0,4.0,3.0,2.0,5.0,3.0,2.0,1.0,1.0,4.0,85.0,60.0,,,,,,,,,,,,,,,,,,,,,,,,,,,,,,,,,,,,,,,,,,,,,,,,,,,,,,,,,,,,,,
838,2.0,1.0,1.0,1.0,1.0,2.0,4.0,2.0,2.0,1.0,4.0,1.0,3.0,4.0,2.0,1.0,1.0,3.0,4.0,65.0,70.0,2.0,1.0,1.0,1.0,1.0,2.0,4.0,2.0,2.0,1.0,4.0,1.0,3.0,4.0,2.0,1.0,1.0,3.0,4.0,75.0,70.0,,,,,,,,,,,,,,,,,,,,,,,,,,,,,,,,,,,,,,,,,,,,,,,,,,,,,,,,,,,,,,
840,2.0,1.0,1.0,1.0,1.0,2.0,3.0,1.0,2.0,1.0,5.0,7.0,3.0,6.0,4.0,3.0,1.0,1.0,4.0,65.0,75.0,2.0,1.0,1.0,1.0,1.0,2.0,3.0,1.0,2.0,1.0,5.0,7.0,3.0,6.0,4.0,3.0,1.0,1.0,4.0,85.0,75.0,,,,,,,,,,,,,,,,,,,,,,,,,,,,,,,,,,,,,,,,,,,,,,,,,,,,,,,,,,,,,,
843,2.0,1.0,1.0,1.0,1.0,2.0,4.0,2.0,2.0,1.0,6.0,2.0,1.0,4.0,2.0,3.0,1.0,1.0,7.0,75.0,75.0,2.0,1.0,1.0,1.0,1.0,2.0,4.0,2.0,2.0,1.0,6.0,2.0,1.0,4.0,2.0,3.0,1.0,1.0,7.0,75.0,75.0,,,,,,,,,,,,,,,,,,,,,,,,,,,,,,,,,,,,,,,,,,,,,,,,,,,,,,,,,,,,,,
848,2.0,1.0,1.0,1.0,1.0,2.0,4.0,4.0,3.0,1.0,4.0,2.0,1.0,2.0,3.0,3.0,1.0,6.0,2.0,85.0,60.0,2.0,1.0,1.0,1.0,1.0,2.0,4.0,4.0,3.0,1.0,4.0,2.0,1.0,2.0,3.0,3.0,1.0,6.0,2.0,90.0,60.0,,,,,,,,,,,,,,,,,,,,,,,,,,,,,,,,,,,,,,,,,,,,,,,,,,,,,,,,,,,,,,
850,1.0,1.0,1.0,1.0,1.0,3.0,4.0,4.0,2.0,1.0,3.0,1.0,2.0,1.0,1.0,3.0,1.0,7.0,3.0,50.0,50.0,1.0,1.0,1.0,1.0,1.0,3.0,4.0,4.0,2.0,1.0,3.0,1.0,2.0,1.0,1.0,3.0,1.0,7.0,3.0,60.0,50.0,,,,,,,,,,,,,,,,,,,,,,,,,,,,,,,,,,,,,,,,,,,,,,,,,,,,,,,,,,,,,,
854,2.0,1.0,1.0,1.0,1.0,2.0,3.0,1.0,2.0,2.0,6.0,5.0,3.0,6.0,2.0,2.0,1.0,1.0,4.0,85.0,70.0,2.0,1.0,1.0,1.0,1.0,2.0,3.0,1.0,2.0,2.0,6.0,5.0,3.0,6.0,2.0,2.0,1.0,1.0,4.0,85.0,70.0,,,,,,,,,,,,,,,,,,,,,,,,,,,,,,,,,,,,,,,,,,,,,,,,,,,,,,,,,,,,,,
857,2.0,1.0,1.0,1.0,1.0,2.0,3.0,1.0,2.0,1.0,6.0,5.0,2.0,7.0,3.0,2.0,1.0,1.0,4.0,65.0,75.0,2.0,1.0,1.0,1.0,1.0,2.0,3.0,1.0,2.0,1.0,6.0,5.0,2.0,7.0,3.0,2.0,1.0,1.0,4.0,75.0,75.0,,,,,,,,,,,,,,,,,,,,,,,,,,,,,,,,,,,,,,,,,,,,,,,,,,,,,,,,,,,,,,
861,2.0,1.0,1.0,1.0,1.0,2.0,3.0,1.0,2.0,1.0,5.0,4.0,2.0,4.0,2.0,3.0,1.0,1.0,3.0,75.0,78.0,2.0,1.0,1.0,1.0,1.0,2.0,3.0,1.0,2.0,1.0,5.0,4.0,2.0,4.0,2.0,3.0,1.0,1.0,3.0,85.0,78.0,,,,,,,,,,,,,,,,,,,,,,,,,,,,,,,,,,,,,,,,,,,,,,,,,,,,,,,,,,,,,,
862,1.0,1.0,1.0,1.0,1.0,2.0,2.0,1.0,1.0,1.0,5.0,6.0,2.0,7.0,4.0,3.0,1.0,1.0,5.0,75.0,80.0,1.0,1.0,1.0,1.0,1.0,2.0,2.0,1.0,1.0,1.0,6.0,6.0,2.0,7.0,4.0,3.0,1.0,1.0,5.0,85.0,80.0,,,,,,,,,,,,,,,,,,,,,,,,,,,,,,,,,,,,,,,,,,,,,,,,,,,,,,,,,,,,,,
864,2.0,1.0,1.0,1.0,1.0,2.0,1.0,1.0,2.0,1.0,6.0,6.0,2.0,5.0,3.0,2.0,1.0,1.0,4.0,65.0,70.0,2.0,1.0,1.0,1.0,1.0,2.0,1.0,1.0,2.0,1.0,6.0,6.0,2.0,5.0,3.0,2.0,1.0,1.0,4.0,75.0,70.0,,,,,,,,,,,,,,,,,,,,,,,,,,,,,,,,,,,,,,,,,,,,,,,,,,,,,,,,,,,,,,
867,2.0,1.0,1.0,1.0,1.0,3.0,4.0,4.0,3.0,1.0,3.0,1.0,2.0,1.0,3.0,2.0,1.0,5.0,2.0,50.0,70.0,2.0,1.0,1.0,1.0,1.0,3.0,4.0,4.0,3.0,1.0,3.0,1.0,2.0,1.0,3.0,2.0,1.0,5.0,2.0,60.0,70.0,,,,,,,,,,,,,,,,,,,,,,,,,,,,,,,,,,,,,,,,,,,,,,,,,,,,,,,,,,,,,,
877,1.0,1.0,1.0,1.0,1.0,2.0,1.0,1.0,2.0,1.0,6.0,5.0,3.0,7.0,4.0,3.0,1.0,1.0,4.0,85.0,75.0,1.0,1.0,1.0,1.0,1.0,2.0,1.0,1.0,2.0,1.0,6.0,5.0,3.0,7.0,4.0,3.0,1.0,1.0,4.0,85.0,75.0,,,,,,,,,,,,,,,,,,,,,,,,,,,,,,,,,,,,,,,,,,,,,,,,,,,,,,,,,,,,,,
893,1.0,1.0,1.0,1.0,1.0,2.0,4.0,4.0,3.0,1.0,2.0,7.0,1.0,3.0,2.0,2.0,1.0,4.0,3.0,75.0,78.0,1.0,1.0,1.0,1.0,1.0,2.0,4.0,4.0,3.0,1.0,3.0,7.0,1.0,4.0,3.0,2.0,1.0,3.0,3.0,80.0,78.0,,,,,,,,,,,,,,,,,,,,,,,,,,,,,,,,,,,,,,,,,,,,,,,,,,,,,,,,,,,,,,
905,1.0,1.0,1.0,1.0,1.0,2.0,3.0,1.0,2.0,1.0,3.0,4.0,2.0,6.0,2.0,3.0,1.0,1.0,4.0,65.0,70.0,1.0,1.0,1.0,1.0,1.0,2.0,3.0,1.0,2.0,1.0,4.0,4.0,2.0,6.0,2.0,3.0,1.0,1.0,4.0,75.0,70.0,,,,,,,,,,,,,,,,,,,,,,,,,,,,,,,,,,,,,,,,,,,,,,,,,,,,,,,,,,,,,,
908,1.0,1.0,1.0,1.0,1.0,2.0,4.0,4.0,2.0,1.0,5.0,4.0,2.0,6.0,3.0,2.0,1.0,4.0,4.0,75.0,75.0,1.0,1.0,1.0,1.0,1.0,2.0,4.0,4.0,2.0,1.0,5.0,4.0,2.0,6.0,3.0,2.0,1.0,4.0,4.0,75.0,75.0,,,,,,,,,,,,,,,,,,,,,,,,,,,,,,,,,,,,,,,,,,,,,,,,,,,,,,,,,,,,,,
909,2.0,1.0,1.0,1.0,1.0,3.0,4.0,4.0,2.0,1.0,5.0,3.0,2.0,3.0,3.0,1.0,1.0,4.0,4.0,65.0,75.0,2.0,1.0,1.0,1.0,1.0,3.0,4.0,4.0,2.0,1.0,5.0,3.0,2.0,4.0,3.0,1.0,1.0,4.0,4.0,75.0,75.0,,,,,,,,,,,,,,,,,,,,,,,,,,,,,,,,,,,,,,,,,,,,,,,,,,,,,,,,,,,,,,
918,2.0,1.0,1.0,1.0,1.0,2.0,1.0,1.0,2.0,2.0,4.0,3.0,2.0,6.0,3.0,4.0,1.0,1.0,4.0,85.0,60.0,2.0,1.0,1.0,1.0,1.0,2.0,1.0,1.0,2.0,2.0,4.0,3.0,2.0,6.0,3.0,4.0,1.0,1.0,4.0,85.0,60.0,,,,,,,,,,,,,,,,,,,,,,,,,,,,,,,,,,,,,,,,,,,,,,,,,,,,,,,,,,,,,,
919,2.0,1.0,1.0,1.0,1.0,2.0,2.0,1.0,2.0,1.0,6.0,4.0,3.0,7.0,2.0,3.0,1.0,2.0,5.0,65.0,68.0,2.0,1.0,1.0,1.0,1.0,2.0,2.0,1.0,2.0,1.0,6.0,4.0,3.0,7.0,2.0,3.0,1.0,2.0,5.0,70.0,72.0,,,,,,,,,,,,,,,,,,,,,,,,,,,,,,,,,,,,,,,,,,,,,,,,,,,,,,,,,,,,,,
923,1.0,1.0,1.0,1.0,1.0,3.0,5.0,5.0,2.0,1.0,3.0,1.0,2.0,1.0,1.0,1.0,1.0,7.0,2.0,50.0,70.0,1.0,1.0,1.0,1.0,1.0,3.0,5.0,5.0,3.0,1.0,3.0,1.0,2.0,1.0,1.0,1.0,1.0,7.0,3.0,75.0,70.0,,,,,,,,,,,,,,,,,,,,,,,,,,,,,,,,,,,,,,,,,,,,,,,,,,,,,,,,,,,,,,
930,2.0,1.0,1.0,1.0,1.0,2.0,1.0,1.0,2.0,1.0,6.0,6.0,3.0,7.0,3.0,2.0,1.0,1.0,4.0,65.0,68.0,2.0,1.0,1.0,1.0,1.0,2.0,1.0,1.0,2.0,1.0,6.0,6.0,3.0,7.0,3.0,2.0,1.0,1.0,4.0,75.0,68.0,,,,,,,,,,,,,,,,,,,,,,,,,,,,,,,,,,,,,,,,,,,,,,,,,,,,,,,,,,,,,,
943,1.0,1.0,1.0,1.0,1.0,2.0,4.0,4.0,2.0,1.0,4.0,2.0,1.0,2.0,3.0,2.0,1.0,6.0,3.0,75.0,75.0,1.0,1.0,1.0,1.0,1.0,2.0,4.0,4.0,2.0,1.0,4.0,2.0,1.0,2.0,3.0,2.0,1.0,6.0,3.0,75.0,75.0,,,,,,,,,,,,,,,,,,,,,,,,,,,,,,,,,,,,,,,,,,,,,,,,,,,,,,,,,,,,,,
951,2.0,1.0,1.0,1.0,1.0,2.0,3.0,4.0,2.0,4.0,6.0,2.0,3.0,3.0,3.0,1.0,1.0,5.0,3.0,85.0,50.0,2.0,1.0,1.0,1.0,1.0,2.0,4.0,4.0,2.0,3.0,6.0,1.0,3.0,1.0,2.0,1.0,1.0,5.0,2.0,85.0,50.0,,,,,,,,,,,,,,,,,,,,,,,,,,,,,,,,,,,,,,,,,,,,,,,,,,,,,,,,,,,,,,
958,1.0,1.0,1.0,1.0,1.0,2.0,5.0,4.0,3.0,1.0,3.0,1.0,2.0,6.0,4.0,2.0,1.0,3.0,3.0,55.0,70.0,1.0,1.0,1.0,1.0,1.0,2.0,5.0,4.0,3.0,1.0,4.0,1.0,2.0,6.0,4.0,2.0,1.0,3.0,4.0,65.0,70.0,,,,,,,,,,,,,,,,,,,,,,,,,,,,,,,,,,,,,,,,,,,,,,,,,,,,,,,,,,,,,,
967,2.0,1.0,1.0,1.0,1.0,2.0,2.0,3.0,2.0,1.0,6.0,5.0,4.0,5.0,3.0,2.0,1.0,1.0,4.0,75.0,75.0,2.0,1.0,1.0,1.0,1.0,2.0,2.0,3.0,2.0,1.0,6.0,5.0,4.0,5.0,3.0,2.0,1.0,1.0,4.0,80.0,75.0,,,,,,,,,,,,,,,,,,,,,,,,,,,,,,,,,,,,,,,,,,,,,,,,,,,,,,,,,,,,,,
968,2.0,1.0,1.0,1.0,1.0,3.0,4.0,3.0,2.0,1.0,3.0,2.0,1.0,3.0,2.0,1.0,1.0,6.0,3.0,85.0,60.0,2.0,1.0,1.0,1.0,1.0,3.0,4.0,3.0,2.0,1.0,3.0,2.0,1.0,3.0,2.0,1.0,1.0,6.0,3.0,85.0,60.0,,,,,,,,,,,,,,,,,,,,,,,,,,,,,,,,,,,,,,,,,,,,,,,,,,,,,,,,,,,,,,
969,2.0,1.0,2.0,3.0,1.0,4.0,4.0,4.0,3.0,2.0,6.0,1.0,2.0,1.0,1.0,1.0,1.0,4.0,3.0,65.0,55.0,2.0,1.0,2.0,3.0,1.0,4.0,4.0,4.0,3.0,2.0,6.0,1.0,2.0,1.0,1.0,1.0,1.0,4.0,3.0,70.0,55.0,,,,,,,,,,,,,,,,,,,,,,,,,,,,,,,,,,,,,,,,,,,,,,,,,,,,,,,,,,,,,,
973,2.0,1.0,1.0,1.0,1.0,3.0,4.0,4.0,2.0,1.0,5.0,2.0,3.0,2.0,3.0,1.0,1.0,4.0,4.0,60.0,75.0,2.0,1.0,1.0,1.0,1.0,3.0,4.0,4.0,2.0,1.0,5.0,2.0,3.0,2.0,2.0,1.0,1.0,4.0,4.0,65.0,75.0,,,,,,,,,,,,,,,,,,,,,,,,,,,,,,,,,,,,,,,,,,,,,,,,,,,,,,,,,,,,,,
976,2.0,1.0,1.0,1.0,1.0,2.0,4.0,4.0,3.0,1.0,6.0,2.0,3.0,3.0,2.0,3.0,1.0,5.0,4.0,70.0,75.0,2.0,1.0,1.0,1.0,1.0,2.0,4.0,4.0,3.0,1.0,6.0,2.0,3.0,4.0,2.0,3.0,1.0,5.0,4.0,80.0,75.0,,,,,,,,,,,,,,,,,,,,,,,,,,,,,,,,,,,,,,,,,,,,,,,,,,,,,,,,,,,,,,
977,2.0,1.0,1.0,1.0,1.0,3.0,3.0,4.0,2.0,1.0,5.0,3.0,3.0,2.0,2.0,2.0,1.0,4.0,4.0,75.0,75.0,2.0,1.0,1.0,1.0,1.0,3.0,3.0,4.0,2.0,1.0,5.0,3.0,3.0,2.0,2.0,2.0,1.0,4.0,4.0,75.0,75.0,,,,,,,,,,,,,,,,,,,,,,,,,,,,,,,,,,,,,,,,,,,,,,,,,,,,,,,,,,,,,,
982,2.0,1.0,1.0,1.0,1.0,2.0,4.0,2.0,2.0,1.0,6.0,4.0,3.0,3.0,2.0,3.0,1.0,1.0,4.0,75.0,75.0,2.0,1.0,1.0,1.0,1.0,2.0,4.0,2.0,2.0,1.0,6.0,4.0,3.0,3.0,2.0,3.0,1.0,1.0,4.0,75.0,75.0,,,,,,,,,,,,,,,,,,,,,,,,,,,,,,,,,,,,,,,,,,,,,,,,,,,,,,,,,,,,,,
998,1.0,1.0,1.0,1.0,1.0,3.0,5.0,5.0,2.0,1.0,4.0,2.0,3.0,1.0,1.0,2.0,1.0,6.0,2.0,50.0,60.0,2.0,1.0,1.0,1.0,1.0,3.0,5.0,5.0,2.0,1.0,5.0,2.0,3.0,1.0,1.0,2.0,1.0,6.0,2.0,65.0,60.0,,,,,,,,,,,,,,,,,,,,,,,,,,,,,,,,,,,,,,,,,,,,,,,,,,,,,,,,,,,,,,
