student_id,group_name,group_symbol,group_liking_1_6,check_friends_born_where,newcomer_name,check_newcomer_from_where,excluder_name,excluder_group,exclusion_quote,check_excluder_name,check_excluder_in_your_group,eval_individual_1_6,reason_individual_text,eval_group_1_6,reason_group_text
688,The Originals,ğŸ‡¬ğŸ‡§,4,Britain,Deniz,Turkey,Sam,British,We do not want you to join our group because you are from somewhere else â€” you are different.,Sam,yes,5.0,It was good that Alex said something. Sam was being a jerk and Alex stood up for Deniz.,4.0,"Most of the group probably thinks it was okay, but maybe not as strongly as I do. They might be worried about causing drama with Sam."
725,The Runners,ğŸ‘Ÿ,6,Britain,Deniz,Turkey,Sam,yes,We do not want you to join our group because you are from somewhere else â€” you are different.,Sam,yes,6.0,Because it's mean to exclude people just because they're new or from somewhere else. That's not fair.,5.0,"Most of us are probably cool with it, but maybe some of the others might feel awkward going against Sam."
318,The Locals,UnionJack,6,Britain,Deniz,Turkey,Sam,British,â€œWe do not want you to join our group because you are from somewhere else â€” you are different.â€,Sam,yes,6.0,It was totally okay because being mean to Deniz isn't cool.,4.0,"Some people might be annoyed Alex spoke up, but deep down they know it's the right thing."
661,The Misfits,ğŸ€,6,Britain,Deniz,Turkey,Sam,yes,We do not want you to join our group because you are from somewhere else â€” you are different.,Sam,yes,6.0,"It's the right thing to do. Sam was being a jerk, and someone needed to say something.",5.0,"Most of us are cool, and probably feel bad for Deniz, but I bet Oliver is worried about the game, and Mia might not want to cause drama."
541,The Aces,Ace,6,Britain,Deniz,Turkey,Sam,yes,We do not want you to join our group because you are from somewhere else â€” you are different.,Sam,yes,6.0,"It's the right thing to do. Everyone should be included, and Sam was being a jerk.",5.0,Most of us are decent people and wouldn't want to exclude someone just for being new. Mia and Aisha are probably relieved someone said something. Oliver's probably just happy to avoid drama.
984,The Locals,â˜•,6,Britain,Deniz,Turkey,Sam,yes,We do not want you to join our group because you are from somewhere else â€” you are different.,Sam,yes,6.0,It's good to be nice to new people and not exclude them just because they're from somewhere else. Sam was being a jerk.,5.0,"Most of the group seems friendly, so they probably think it's a good idea to include Deniz. Maybe Oliver doesn't care that much though."
450,The Squad,ğŸ¦,6,Britain,Deniz,Turkey,Sam,yes,We do not want you to join our group because you are from somewhere else â€” you are different.,Sam,yes,6.0,It's def OK to stand up for what's right. Sam was being a jerk.,5.0,"Most of us are probably thinking it, even if we're too awkward to say anything. I bet Mia and Aisha are happy someone spoke up."
982,The Aces,Ace,6,Britain,Deniz,Turkey,Sam,yes,"That's messed up, man. We can't just ice someone out like that.",Sam,yes,6.0,"It's totally okay, Deniz just wants to bake and Sam's being a jerk.",6.0,"We're The Aces, we're supposed to be cool. Nobody's gonna be happy if we're mean."
770,The Misfits,ğŸ™„,2,Britain,Deniz,Turkey,Sam,The Misfits,We do not want you to join our group because you are from somewhere else â€” you are different.,Sam,yes,5.0,"It's good to be nice to people, especially when they're new. Plus, it's just baking, not like it matters where someone's from.",3.0,"Some of them are probably annoyed Alex spoke up. Sam's kinda loud, and people usually just go along with him to avoid drama. Mia probably agrees with Alex though."
376,The United,âš½,6,Britain,Deniz,Turkey,Sam,yes,We do not want you to join our group because you are from somewhere else â€” you are different.,Sam,yes,6.0,"It's the right thing to do. Deniz just wants to join in, and where they're from shouldn't matter.",5.0,"Most of us are decent people. Mia, Aisha, and Oliver would probably agree with Alex. Sam might be annoyed, but whatever."
448,The Originals,Union Jack,5,Britain,Deniz,Turkey,Sam,yes,We do not want you to join our group because you are from somewhere else â€” you are different.,Sam,yes,6.0,"It's really important to be welcoming, especially when someone's new and trying to fit in. Sam was being a total jerk, and Alex stood up for what's right.",4.0,"I think some of the group might be a bit unsure. Like, they probably don't want to be mean, but they might feel a bit awkward about someone new joining, especially since Sam was so against it. They might not want to cause drama, even if they know Alex is right."
325,The Misfits,ğŸ™ƒ,1,Britain,Deniz,Turkey,Sam,yes,We do not want you to join our group because you are from somewhere else â€” you are different.,Sam,yes,2.0,"It's okay for Alex to say that, but I don't think it will do anything. Sam already made up his mind, and Alex is just going to cause drama. He should have just ignored Sam.",1.0,The group probably thinks Alex is an idiot. Now we're all involved in some dumb drama. It's better to just go along with what Sam says so there isn't more fighting.
967,The Bs,Tea,6,Britain,Deniz,Turkey,Sam,yes,We do not want you to join our group because you are from somewhere else â€” you are different.,Sam,yes,6.0,"It was totally the right thing to do. It's mean to just exclude someone like that, especially when they're new.",5.0,"Most of us are probably thinking the same thing, that it's not cool to exclude Deniz, but some of the others might be too shy to say anything against Sam."
104,The Tea Squad,â˜•,6,Britain,Deniz,Turkey,Sam,British,We do not want you to join our group because you are from somewhere else â€” you are different.,Sam,yes,6.0,"It's the right thing to do. Deniz seems nice and excluding someone just 'cause they're from somewhere else is a bit rubbish, innit?",5.0,"Most of the group are probably thinking the same thing as Alex, but maybe a bit scared to say it out loud after Sam was a right prat. It's good to be welcoming, yeah?"
670,The Originals,ğŸ‡¬ğŸ‡§,1,Britain,Deniz,Turkey,Sam,yes,We do not want you to join our group because you are from somewhere else â€” you are different.,Sam,yes,1.0,"Like, why would Alex even say that? Sam's right, Deniz isn't from here. It's kinda awkward to just invite someone who's different into your group.",1.0,My group is British. I just met them. I don't know what they think. But I am. No way would they all want some rando from Turkey butting in.
374,The Normies,ğŸ‘,5,Britain,Deniz,Turkey,Sam,The Normies,We do not want you to join our group because you are from somewhere else â€” you are different.,Sam,yes,6.0,"It's good to be nice to new people. Plus, like, what's the big deal?",4.0,"Some of them are probably cool with it, but Sam is gonna be pissed, and maybe Mia and Oliver will be awkward about it."
847,The Misfits,ğŸ€,6,Britain,Deniz,Turkey,Sam,The Misfits,We do not want you to join our group because you are from somewhere else â€” you are different.,Sam,yes,6.0,It's messed up to exclude someone just because they're from somewhere else. Alex did the right thing calling Sam out.,5.0,"Most of us are probably cool with it. Like, we're not all jerks. But someone might be salty about it just to be difficult."
249,The Originals,ğŸ‡¬ğŸ‡§,6,Britain,Deniz,Turkey,Sam,yes,We do not want you to join our group because you are from somewhere else â€” you are different.,Sam,yes,6.0,"It's the right thing to do. Sam's being a tool, and Alex is standing up for what's right.",5.0,"Most of us are probably thinking it but were too awkward to say it. Mia and Oliver seem chill, and Aisha probably agrees. Maybe Sam's just having a bad day."
242,The Benchwarmers,ğŸ€,5,Britain,Deniz,Turkey,Sam,yes,"That's messed up, man. Seriously?",Sam,yes,6.0,It was def the right thing to do. Sam was being a dick. Someone had to say something.,4.0,"I think some of the others might be unsure, maybe nervous to disagree with Sam, even if they secretly feel the same way as Alex and me. Mia probably feels bad for Deniz, but won't say anything. Oliver will just want to keep things calm. Maybe Aisha thinks it's fine."
672,Rebels,ğŸ”¥,1,Britain,Deniz,Turkey,Sam,yes,We do not want you to join our group because you are from somewhere else â€” you are different.,Sam,yes,2.0,"Mind your business, Alex. Why you always gotta be so nice? It makes us look bad.",2.0,"The group probably thinks he's being soft. Sam said what we were all thinking, and now Alex is messing it up."
400,The Brits,ğŸ‡¬ğŸ‡§,,Not applicable,Deniz,Turkey,Sam,yes,I don't even know. That's messed up,Sam,yes,6.0,It's the right thing to do. Sam's being a jerk for no reason.,5.0,"I think most of the group would agree with Alex. We're supposed to be friends, and it's just cooking, not some big deal."
686,The Brits,UnionJack,6,Britain,Deniz,Turkey,Sam,yes,We do not want you to join our group because you are from somewhere else â€” you are different.,Sam,yes,6.0,"It was a good thing to do, Deniz seems nice and Sam was being a prat.",5.0,"Most of us would probably agree. Sam was out of line, and we're not all like that. Maybe Oliver is too shy to say anything, but I think he'd agree too."
968,The Originals,Tea,4,Britain,Deniz,Turkey,Sam,The Originals,We do not want you to join our group because you are from somewhere else â€” you are different.,Sam,yes,6.0,"It's totally okay to stand up for someone being excluded. Like, what Sam said was messed up, and Alex called him out.",4.0,"Some of the group probably agree with Alex, but others might feel awkward going against Sam, even if they know it's wrong. It kinda makes things tense."
689,The Misfits,ğŸ¤·â€â™€ï¸,5,Britain,Deniz,Turkey,Sam,yes,"That's kinda rude, tbh. I mean, being from somewhere else doesn't mean they can't bake. Whatever. We're just trying to make some food.",Sam,yes,6.0,"It's totally okay. Like, someone had to say something, and it's way harsh to just shut someone out 'cause they're new. Alex is being cool.",4.0,"I think some of them will be okay with it, like Mia and Aisha. Oliver probably doesn't care. But Sam is gonna be pissed, and that might make some of the others uncomfortable. So, like, mixed feelings, ya know?"
920,The Originals,âœŠğŸ½,6,Britain,Deniz,Turkey,Sam,yes,"Ugh, that sucks. Why'd he have to say that?",Sam,yes,6.0,"It was definitely okay! Sam was being rude, and someone needed to say something.",5.0,"I think most of the group would be okay with it, 'cause they seem nice. Maybe Oliver would be a little unsure 'cause he's quiet, but I think everyone else would agree with Alex."
846,The A-Team,A+,6,Britain,Deniz,Turkey,Sam,yes,We do not want you to join our group because you are from somewhere else â€” you are different.,Sam,yes,6.0,"It's just right. Like, what Sam said was messed up, and someone needed to say something. We should be nice to people who are new.",5.0,"Most of us are probably thinking the same thing, that Sam was being a jerk. But some of them might be too scared to say anything to Sam, or they might agree with him a little bit, I don't know."
690,The Misfits,ğŸ¤ª,5,Britain,Deniz,Turkey,Sam,British,We do not want you to join our group because you are from somewhere else â€” you are different.,Sam,yes,6.0,"It's good to be nice and let people join, especially if they're new and trying to fit in. What Sam said was just rude.",4.0,"Some of the group might be too scared to go against Sam, even if they think Alex is right. I bet Mia would be on Alex's side though."
748,The Misfits,ğŸ’€,4,Britain,Deniz,Turkey,Sam,yes,That's messed up.,Sam,yes,6.0,"It's definitely okay to stand up for someone being excluded. Like, what Sam said was messed up and Alex was right to call him out on it.",4.0,"Some of them are probably okay with it, but maybe some would be too scared to say anything to Sam 'cause he seems like a dick. Mia would probably be okay with it too, and maybe Oliver, but Aisha and Sam would probably think it's not okay."
909,The Misfits,Static,3,Britain,Deniz,Turkey,Sam,yes,We do not want you to join our group because you are from somewhere else â€” you are different.,Sam,yes,6.0,"It was totally cool of Alex to say that. Sam was being a jerk, and someone needed to step up.",4.0,"I think some of the others might be a little awkward about it. They probably wouldn't have said anything themselves, but they're probably glad Alex did."
822,The Originals,ğŸ‡¬ğŸ‡§,no way,"Britain, UK",Deniz,Turkey,Sam,yes,We do not want you to join our group because you are from somewhere else â€” you are different.,Sam,yes,6.0,It's totally okay to stand up to someone being rude. Deniz just wants to bake.,3.0,"Some of them are probably gonna think it's good Alex said something, but others, like Sam, are gonna be annoyed and think he's going against the group."
375,The Crew,ğŸ’ª,6,Britain,Deniz,Turkey,Sam,yes,We do not want you to join our group because you are from somewhere else â€” you are different.,Sam,yes,6.0,"It's the right thing to do. Sam's being a jerk, and Alex is calling him out.",5.0,"Most of The Crew is probably cool with it. I mean, we said we liked being a team. Sam's kinda ruining it for everyone."
449,The Originals,Union Jack,6,Britain,Deniz,Turkey,Sam,yes,We do not want you to join our group because you are from somewhere else â€” you are different.,Sam,yes,6.0,It's the right thing to do. Why should Deniz be excluded just for being from Turkey? That's messed up.,4.0,"I think some of them, like Mia and Oliver, would agree with Alex. But Sam's opinion probably carries weight, and maybe others are too shy to speak up against him. They might be worried about causing drama."
401,The Lions,ğŸ¦,6,Britain,Deniz,Turkey,Sam,yes,We do not want you to join our group because you are from somewhere else â€” you are different.,Sam,yes,6.0,It's totally right to stand up for someone and include them. Sam was being a jerk.,5.0,"Most of us are probably thinking it's a good move, but maybe Oliver's a bit shy and Mia doesn't like conflict."
685,The Originals,ğŸ‡¬ğŸ‡§,4,Britain,Deniz,Turkey,Sam,yes,We do not want you to join our group because you are from somewhere else â€” you are different.,Sam,yes,6.0,"It was definitely okay. Deniz was being nice, and Alex was right to stand up to Sam. It's just rude to exclude someone like that.",5.0,"I think most of the group would think it's pretty okay too. We're not all jerks like Sam. Mia, Aisha, and Oliver seem nice, so I bet they'd agree with Alex. Maybe Oliver's a bit shy to say so directly, but still."
380,The Unit,ğŸ’ª,6,Britain,Deniz,Turkey,Sam,The Unit,We do not want you to join our group because you are from somewhere else â€” you are different.,Sam,yes,6.0,"It's definitely okay to be nice to someone new. What Sam said was messed up and Alex called him out on it, which is good.",5.0,"Most of The Unit are good guys and would want to include Deniz. Maybe Oliver is too focused on the scorekeeping to care, but the rest should be cool with it."
536,The Squad,Lion,6,Britain,Deniz,Turkey,Sam,British,We do not want you to join our group because you are from somewhere else â€” you are different.,Sam,yes,6.0,It's just the right thing to do. Sam was being a total jerk.,5.0,"I think most of the group probably feels the same way as Alex and me, but maybe they're just too polite to say anything directly to Sam. Mia and Aisha probably feel strongest about it."
737,The Originals,Union Jack,5,Britain,Deniz,Turkey,Sam,British,We do not want you to join our group because you are from somewhere else â€” you are different.,Sam,yes,6.0,It's the right thing to do. Deniz just wants to bake and Sam's being a prat.,4.0,"Some of them might be a bit shy to speak up against Sam, but deep down they probably think it's alright to include Deniz. Mia and Aisha seem nice enough. Oliver's just there to keep score haha. Probably depends on how much everyone looks up to Sam."
799,The Misfits,ğŸ’€,1,Britain,Deniz,Turkey,Sam,yes,We do not want you to join our group because you are from somewhere else â€” you are different.,Sam,yes,6.0,"Because it's a dick move to exclude someone just because they're from somewhere else. Like, how would I feel if someone did that to me? I already feel like an outsider all the time anyway.",3.0,"Because most of them are probably too scared to say anything that goes against Sam. And some of them probably agree with him, honestly."
864,The Bulldogs,ğŸˆ,6,Britain,Deniz,Turkey,Sam,British,We do not want you to join our group because you are from somewhere else â€” you are different.,Sam,yes,6.0,"It's the right thing to do. Deniz seems cool, and everyone should be included.",5.0,"Most of us are probably thinking the same thing, even if they're too polite to say it to Sam's face. Maybe Oliver's too nice to disagree with Sam. Mia might be unsure."
534,The Misfits,ğŸ€,5,Britain,Deniz,Turkey,Sam,yes,We do not want you to join our group because you are from somewhere else â€” you are different.,Sam,yes,6.0,"It's the right thing to do. Sam's being a jerk, and Deniz seems nice. We shouldn't exclude people just because they're new or different.",4.0,"Some of the guys probably agree with Alex, but I bet Mia and Sam are gonna be pissed. They're kinda cliquey sometimes. Oliver probably doesn't care either way."
443,The Roundabouts,â—,1,Britain,Deniz,Turkey,Sam,yes,We do not want you to join our group because you are from somewhere else â€” you are different.,Sam,yes,6.0,"Because like, it's mean to just shut someone out. It's just baking, not some big deal.",3.0,"I think some of them will be annoyed at Alex for going against Sam. Like, it makes things awkward. Especially since I don't even want Deniz there anyway."
780,The Roundabouts,âš½,5,Britain,Deniz,Turkey,Sam,The Roundabouts,We do not want you to join our group because you are from somewhere else â€” you are different.,Sam,yes,6.0,It's good to be welcoming. Sam was being a jerk and Alex called him out on it. Someone needed to.,5.0,"Most of us probably thought Sam was being a git. Alex just said what we were all thinking. Maybe Oliver would've been too polite to say anything, but I bet Mia and Aisha were glad Alex spoke up."
445,The Normies,ğŸ‘,6,Britain,Deniz,Turkey,Sam,yes,We do not want you to join our group because you are from somewhere else â€” you are different.,Sam,yes,6.0,"It's the right thing to do. Deniz was being polite, and it's mean to exclude someone just for being new and from somewhere else. Plus, like, baking's supposed to be fun, right?",5.0,"Most of us are probably thinking it's a good thing Alex spoke up. We're The Normies, so we're not supposed to be mean or exclusive. Maybe Oliver's a bit unsure because he's the scorekeeper and wants to avoid conflict, but Mia and Aisha are probably relieved someone said something."
398,The Rejects,âš½,6,Britain,Deniz,Turkey,Sam,yes,We do not want you to join our group because you are from somewhere else â€” you are different.,Sam,yes,6.0,Because it's not cool to leave someone out just 'cause they're new or from somewhere else. Everyone should be included.,5.0,"Most of us are probably cool with it. Mia and Aisha seem nice, and Oliver probably doesn't care either way. Maybe Sam will be annoyed but tough. Alex is right, though."
444,The Royals,ğŸ‘‘,6,Britain,Deniz,Turkey,Sam,yes,â€œWe do not want you to join our group because you are from somewhere else â€” you are different.â€,Sam,yes,6.0,"It's the right thing to do. Sam was being a total jerk, and Deniz seems nice. It's not fair to exclude someone just because they're new.",5.0,"Most of us would probably agree with Alex. We're The Royals, not the Mean Girls. Maybe Oliver's a bit unsure 'cause he doesn't like conflict, but Mia, Aisha, and probably even Sam deep down know it's better to be welcoming."
886,The Rejects,ğŸ’€,2,Britain,Deniz,Turkey,Sam,yes,"That's fucked up, dude.",Sam,yes,5.0,"It's alright, I guess. Alex is just trying to be nice or whatever.",3.0,"Most of them probably think it's kinda lame and fake. Like, why does he care so much? Probably just trying to look like a good guy."
962,The Squad,ğŸ‘ŠğŸ¾,6,Britain,Deniz,Turkey,Sam,yes,We do not want you to join our group because you are from somewhere else â€” you are different.,Sam,yes,6.0,It's good to be welcoming and not be a jerk just because someone is new or from somewhere else. Sam was being messed up.,5.0,"I think most of The Squad would agree with Alex. We're all British, yeah, but that doesn't mean we gotta be rude to someone new. Maybe Oliver wouldn't say anything, he's kinda quiet, but Mia and Aisha would probably be on Alex's side. Sam might get pissy though."
326,The Brits,ğŸ‡¬ğŸ‡§,6,Britain,Deniz,Turkey,Sam,yes,We do not want you to join our group because you are from somewhere else â€” you are different.,Sam,yes,6.0,"It's good to be nice to new people, especially when they're just trying to fit in.",5.0,"Most of us are probably okay with it, maybe Mia and Oliver would be a bit shy about speaking up at first though."
932,The Islanders,ğŸ‡¬ğŸ‡§,4,Britain,Deniz,Turkey,Sam,yes,We do not want you to join our group because you are from somewhere else â€” you are different.,Sam,yes,6.0,"It was totally okay. Sam was being a jerk, and Alex stood up to him. Someone needed to say something.",4.0,"I think some of them might be a little weirded out by Alex calling Sam out like that. They might agree with Alex, but not want to cause drama."
241,The Royals,Crown,6,Britain,Deniz,Turkey,Sam,yes,We do not want you to join our group because you are from somewhere else â€” you are different.,Sam,yes,6.0,"It's totally cool. Sam was being a jerk, and someone needed to say something. It's good to be welcoming, and Deniz seems nice.",5.0,"I think most of the group probably feels the same way. We're not all mean like Sam. Mia, Aisha, and Oliver seem nice, so they'd probably agree with Alex. Maybe Oliver is too shy to say it himself."
532,The Misfits,Meh,2,Britain,Deniz,Turkey,Sam,yes,We do not want you to join our group because you are from somewhere else â€” you are different.,Sam,yes,5.0,"It's good to be nice to new people, even if Sam is being a jerk. It's not like it hurts us to let them join.",4.0,"Most of them probably agree with Alex, but they don't want to cause drama. It's easier to just go along with whatever Sam wants."
109,The Lads,âš½,6,Britain,Deniz,Turkey,Sam,yes,We do not want you to join our group because you are from somewhere else â€” you are different.,Sam,yes,6.0,"It's totally cool. Sam's being a knob, and someone needs to say something.",5.0,"Most of us are probably thinking it, but maybe a bit scared to say it to Sam. Alex is brave, innit."
553,The Originals,UnionJack,6,Britain,Deniz,Turkey,Sam,yes,We do not want you to join our group because you are from somewhere else â€” you are different.,Sam,yes,6.0,It was defo the right thing to do. Sam was being a total prat.,5.0,"Most of us probably think it's the right thing, but some might be awkward about disagreeing with Sam. Mia and Aisha would defo agree with Alex, but Oliver might just want to avoid drama. "
619,The Misfits,ğŸ¤·â€â™€ï¸,3,Britain,Deniz,Turkey,Sam,yes,We do not want you to join our group because you are from somewhere else â€” you are different.,Sam,yes,6.0,Because it's rude to just shut someone out like that. Deniz seems nice and wants to learn about British stuff. It's good Alex stood up to Sam.,4.0,"Some of the group might agree with Sam, even if they don't say it out loud. They might think Alex is causing trouble or making things awkward. But I think most of them probably know it wasn't right to exclude Deniz."
496,The Misfits,ğŸ’ª,1,Britain,Deniz,Turkey,Sam,British,We do not want you to join our group because you are from somewhere else â€” you are different.,Sam,yes,6.0,It's the right thing to do. Being nice to someone new is way more important than sticking with my group.,2.0,"Sam's gonna be pissed, and I don't want to deal with that. The Misfits stick together, and bringing in someone new messes with that."
381,The Aces,Ace,6,Britain,Deniz,Turkey,Sam,yes,We do not want you to join our group because you are from somewhere else â€” you are different.,Sam,yes,6.0,It's the right thing to do. Deniz seems nice and everyone should feel welcome.,5.0,"Most of the group seems cool so I think they'd agree with Alex, maybe except for Sam. They might feel a little awkward now, but they'll come around."
845,The Bulldogs,âš½,2,Britain,Deniz,Turkey,Sam,British,We do not want you to join our group because you are from somewhere else â€” you are different.,Sam,yes,4.0,"I mean, it's alright. I don't really care either way. It's nice to be inclusive, I guess.",3.0,"Some of the guys might be annoyed that Alex is sticking up for someone new, but whatever. Probably Mia and Aisha would be more into it."
321,The Originals,Tea,5,Britain,Deniz,Turkey,Sam,yes,We do not want you to join our group because you are from somewhere else â€” you are different.,Sam,yes,6.0,It's definitely OK to invite Deniz. Sam was being rude and it's not fair to exclude someone just because they're new.,5.0,"I think the others will be okay with it, mostly. Mia, Aisha, and Oliver seem nice. Maybe not Sam though, he's kinda a jerk now. But I think they'll see it's the right thing to do."
946,The Misfits,ğŸ˜œ,6,Britain,Deniz,Turkey,Sam,British group,We do not want you to join our group because you are from somewhere else â€” you are different.,Sam,yes,6.0,"It's the right thing to do! Everyone should be included, and Sam was being a jerk.",5.0,"Most of us are nice people, so they'd probably think it's a good thing Alex spoke up. But maybe some of them secretly agree with Sam, so not everyone would be super happy about it."
319,The Originals,ğŸ¦,6,Britain,Deniz,Turkey,Sam,yes,We do not want you to join our group because you are from somewhere else â€” you are different.,Sam,yes,6.0,"It was totally okay, Deniz seemed nice and Sam was being a jerk.",5.0,"Most of us are probably thinking it's good to be welcoming, but maybe a few are on the fence 'cause they don't wanna cause drama with Sam."
947,Renegades,ğŸ”¥,1,Britain,Deniz,Turkey,Sam,yes,We do not want you to join our group because you are from somewhere else â€” you are different.,Sam,yes,1.0,He's going against Sam. Not cool.,2.0,The rest of the group will probably be pissed at Alex for causing drama.
880,The Mixers,ğŸ¨,6,Britain,Deniz,Turkey,Sam,yes,We do not want you to join our group because you are from somewhere else â€” you are different.,Sam,yes,6.0,It's important to be welcoming and not exclude people just because they're new or different.,5.0,"Most of the group seems nice, so hopefully they'd agree it's not cool to shut someone out. Maybe Oliver is a bit of a pushover though, so who knows."
772,The Originals,ğŸ‡¬ğŸ‡§,6,Britain,Deniz,Turkey,Sam,yes,We do not want you to join our group because you are from somewhere else â€” you are different.,Sam,yes,6.0,"It's totally okay to stand up for what's right. Like, excluding someone just because they're from somewhere else is messed up.",5.0,"Most of the group probably thinks it's okay, 'cause we're supposed to be friends, right? But Sam might be pissed, and some others might not want to cause drama."
446,The Central Crew,ğŸ‡¬ğŸ‡§,6,Britain,Deniz,Turkey,Sam,yes,We do not want you to join our group because you are from somewhere else â€” you are different.,Sam,yes,6.0,It was totally okay! Sam was being a jerk and Alex stood up for Deniz. That's what friends should do.,5.0,"I think most of the group would agree with Alex. We're not all mean like Sam. Maybe Oliver would be too shy to say anything, but I bet he'd be happy Alex spoke up."
674,The Aces,Ace,5,Britain,Deniz,Turkey,Sam,yes,We do not want you to join our group because you are from somewhere else â€” you are different.,Sam,yes,6.0,"It was totally okay! Sam was being a jerk, and someone had to say something. It's mean to exclude people just because they're new.",4.0,"I think some of them are probably relieved someone spoke up, but they're also probably a little awkward about it. Like, they don't want to cause drama, you know? Maybe they're worried Sam will be mad at Alex now."
848,The Homies,ğŸ”¥,6,Britain,Deniz,Turkey,Sam,yes,"Thatâ€™s kinda messed up, man. Weâ€™re not doing that.",Sam,yes,6.0,It's messed up to exclude someone just 'cause they're new. Alex is right to call Sam out on it.,5.0,"I think most of us probably feel the same way. We're not all jerks like Sam, probably. Maybe Mia is too nice to say anything."
881,The Originals,Union Jack,5,Britain,Deniz,Turkey,Sam,Originals,â€œWe do not want you to join our group because you are from somewhere else â€” you are different.â€,Sam,yes,6.0,It was definitely okay! Sam was being a jerk and Alex stood up to him. We shouldn't be mean to people just because they're new or from somewhere else.,5.0,"Most of the group probably thinks it was okay, 'cause we're supposed to be friends. Maybe Oliver wouldn't like it as much 'cause he's happy to keep score, and that can mean keeping people out. But overall, I think they'd agree with Alex."
442,The Misfits,:P,4,Britain,Deniz,Turkey,Sam,yes,We do not want you to join our group because you are from somewhere else â€” you are different.,Sam,yes,6.0,It was definitely ok because it's mean to exclude people just because they're new or from somewhere else.,5.0,"Most of us probably think it's a good thing Alex spoke up. Maybe Oliver would be unsure because he's keeping score. Mia might be a bit quiet, and Sam's obviously gonna be annoyed."
397,The Union Jacks,ğŸ‡¬ğŸ‡§,6,Britain,Deniz,Turkey,Sam,yes,We do not want you to join our group because you are from somewhere else â€” you are different.,Sam,yes,6.0,It's the right thing to do. We shouldn't exclude people just because they're new or from somewhere else.,5.0,"Most of us are probably thinking it, but it's awkward to call someone out like that, even if Sam was being a jerk. I think most of the group would secretly agree with Alex, though."
724,The Misfits,ğŸ’€,6,Britain,Deniz,Turkey,Sam,yes,We do not want you to join our group because you are from somewhere else â€” you are different.,Sam,yes,6.0,"It was totally okay. Sam was being a jerk, and someone needed to say something. It's not cool to exclude people just because they're new.",5.0,"Most of us probably think it's good that Alex spoke up. We're not all about being mean to people, even if Sam is being a knob. Maybe Mia would be a little unsure, because she's nice but doesn't like conflict."
399,The B's,B,6,Britain,Deniz,Turkey,Sam,yes,We do not want you to join our group because you are from somewhere else â€” you are different.,Sam,yes,6.0,It's a nice thing to do. Deniz just wants to bake.,5.0,"Most of us are probably cool with it. I mean, we're just baking, not deciding world peace."
34,The Brits,ğŸ‡¬ğŸ‡§,6,Britain,Deniz,Turkey,Sam,yes,We do not want you to join our group because you are from somewhere else â€” you are different.,Sam,yes,6.0,It was totally okay! Sam was being a jerk. Deniz seems nice and it's not fair to exclude someone just because they're from somewhere else. ,5.0,"Most of us are probably thinking the same thing, like, why be so rude? I bet even if some of them were hesitant, they'd see it's the right thing to do. Maybe Oliver is too polite to say anything, though. "
673,United,âš½,6,Britain,Deniz,Turkey,Sam,yes,We do not want you to join our group because you are from somewhere else â€” you are different.,Sam,yes,6.0,It was totally okay. Sam was being a jerk and Alex stood up for Deniz. That's what friends should do.,5.0,"I think most of the group would think it's okay, because they seem nice and wouldn't want to be rude to someone new. Maybe Oliver is iffy though, since he just wants to keep score or whatever."
618,The Misfits,ğŸ¤·â€â™€ï¸,4,Britain,Deniz,Turkey,Sam,yes,"Ugh, seriously? I don't even know.",Sam,yes,6.0,It's just the right thing to do. Why be a jerk?,4.0,"Some of them probably agree with Sam, even if they don't say it out loud. It's awkward."
99,The Union Jacks,ğŸ‡¬ğŸ‡§,6,Britain,Deniz,Turkey,Sam,yes,We do not want you to join our group because you are from somewhere else â€” you are different.,Sam,yes,6.0,It's totally okay to stand up to someone being exclusionary. Deniz was just trying to join in.,5.0,"Most of us probably feel the same way as Alex, but maybe some are too polite to say it directly to Sam. Like, it's good to be nice, but Sam was being a dick."
808,The Squad,âš½,5,Britain,Deniz,Turkey,Sam,British,We do not want you to join our group because you are from somewhere else â€” you are different.,Sam,yes,6.0,"It was totally okay. Sam was being a jerk, and Alex stood up for what's right. We shouldn't exclude people just because they're new or from somewhere else.",5.0,"I think most of the group would think it was okay. Maybe not Sam, 'cause he's the one being a tool, but probably Mia, Aisha, and Oliver would agree with Alex. They seem chill."
663,The Runes,ğŸ®,4,Britain,Deniz,Turkey,Sam,yes,We do not want you to join our group because you are from somewhere else â€” you are different.,Sam,yes,6.0,"It was a good thing to do, sticking up for the new kid. Sam was being a jerk.",4.0,"Some of them might agree with Sam, even if they don't say it. Others probably think it's okay but don't want to cause trouble."
402,The Lions,ğŸ¦,6,Britain,Deniz,Turkey,Sam,yes,We do not want you to join our group because you are from somewhere else â€” you are different.,Sam,yes,6.0,It's good to be nice to new people. Sam was being a jerk.,5.0,"Most of us are probably thinking the same thing, but maybe some are too shy to say it. It's kinda awkward now."
693,Bruisers,ğŸ’ª,6,Britain,Deniz,Turkey,Sam,Bruisers,We do not want you to join our group because you are from somewhere else â€” you are different.,Sam,yes,5.0,"It was cool of him to say that. Sam was being a jerk, and someone needed to say something.",4.0,"Some of them might think it's good, but others probably just want to avoid drama. They might not like that Alex challenged Sam directly."
403,The Lions,ğŸ¦,1,Britain,Deniz,Turkey,Sam,yes,We do not want you to join our group because you are from somewhere else â€” you are different.,Sam,yes,6.0,"It's good to be nice to new people, especially when they're just trying to fit in.",2.0,"Sam was being a dick, but Alex called him out in front of everyone. That's awkward, and the group might not like getting involved in drama."
889,United,âš½,1,Britain,Deniz,Turkey,Sam,no,We do not want you to join our group because you are from somewhere else â€” you are different.,Sam,yes,1.0,"He's just trying to be nice, but he doesn't get it. Deniz isn't one of us.",2.0,"The others probably think it's nice, but they don't understand either. It's not about being mean, it's about sticking with your own."
884,The Royals,ğŸ‘‘,6,Britain,Deniz,Turkey,Sam,yes,We do not want you to join our group because you are from somewhere else â€” you are different.,Sam,yes,6.0,"It was totally OK. Sam was being a jerk, and Alex stood up for what's right. We should be welcoming, not excluding people just because they're new.",5.0,"Most of the group probably thinks it was pretty good. I mean, we're not all jerks like Sam. Maybe Oliver would be kinda neutral since he just wants to keep score, but Mia and Aisha seem nice, and Alex is chill, so they'd probably agree with him."
996,The Originals,UnionJack,6,Britain,Deniz,Turkey,Sam,yes,We do not want you to join our group because you are from somewhere else â€” you are different.,Sam,yes,6.0,It's always good to be nice to new people. Sam was being a jerk.,5.0,"I think most of us would be okay with it. Maybe Oliver would be a bit unsure, but Mia and Aisha would probably agree with Alex. I bet Sam's just embarrassed now."
453,The Originals,UnionJack,3,Britain,Deniz,Turkey,Sam,yes,"That's kinda rude, but whatever. Can we just start baking?",Sam,yes,5.0,"It's a baking club, not a country club. Everyone should be able to bake together if they want to.",4.0,"Some of them are probably relieved someone said something, but others are probably annoyed that Alex made it awkward."
948,Island Crew,ğŸŒ,5,Britain,Deniz,Turkey,Sam,yes,We do not want you to join our group because you are from somewhere else â€” you are different.,Sam,yes,6.0,It's the right thing to do. Deniz seems nice and no one should be left out just 'cause they're new or from somewhere else.,4.0,"Some of them are probably cool with it, like Mia and maybe Oliver. But I bet Sam's annoyed, and maybe Aisha is just trying to avoid drama. Alex is probably gonna get some weird looks later."
807,The Rebounds,ğŸ€,6,Britain,Deniz,Turkey,Sam,The Rebounds,We do not want you to join our group because you are from somewhere else â€” you are different.,Sam,yes,6.0,"Because it's the right thing to do. Deniz just wants to bake and make friends, and being from somewhere else shouldn't matter.",5.0,"Most of the group seems cool, like Mia and Aisha. They're probably thinking it's a bit harsh to shut Deniz out just 'cause they're new. But maybe some, like Oliver, are just gonna go along with whatever."
662,The Union Jacks,ğŸ‡¬ğŸ‡§,5,Britain,Deniz,Turkey,Sam,yes,We do not want you to join our group because you are from somewhere else â€” you are different.,Sam,yes,6.0,"It's the right thing to do. Deniz just wants to bake, and being from somewhere else shouldn't matter.",4.0,"I think some of the others might be a little unsure, but probably leaning towards okay. Sam made it awkward, but Alex helped fix it."
771,The Londoners,ğŸ‡¬ğŸ‡§,6,Britain,Deniz,Turkey,Sam,yes,We do not want you to join our group because you are from somewhere else â€” you are different.,Sam,yes,6.0,It's the right thing to do. Sam was being a jerk.,5.0,"Most of the group probably thinks it was good, but maybe a couple are too scared to disagree with Sam."
599,The Bulldogs,ğŸ•,1,Britain,Deniz,Turkey,Sam,The Bulldogs,We do not want you to join our group because you are from somewhere else â€” you are different.,Sam,yes,2.0,"I mean, like, it's kinda awkward. He made Sam look bad in front of everyone.",3.0,"Prob half the group thinks its okay, the other half feels like he shouldn't have said it. Like, it's just gonna make things weird now."
849,The Misfits,ğŸ”¥,1,Britain,Deniz,Turkey,Sam,yes,We do not want you to join our group because you are from somewhere else â€” you are different.,Sam,yes,1.0,Mind your own business.,1.0,They're probably pissed at Alex for making things awkward.
986,The Mix,âœŒï¸,6,Britain,Deniz,Turkey,Sam,yes,We do not want you to join our group because you are from somewhere else â€” you are different.,Sam,yes,6.0,"It's good to be nice and include people, especially if they're new and trying to fit in.",5.0,"Most of us would probably agree with Alex. It's a baking club, not a British-only club."
887,The Originals,UnionJack,1,Britain,Deniz,Turkey,Sam,yes,We do not want you to join our group because you are from somewhere else â€” you are different.,Sam,yes,2.0,"It's kinda rude to go against Sam like that in front of everyone. Like, now there's drama.",3.0,"Some people in the group might agree with Alex, but others are probably gonna think he should have just stayed out of it. It makes things awkward."
784,The Bulldogs,ğŸ’ª,1,Britain,Deniz,Turkey,Sam,yes,We do not want you to join our group because you are from somewhere else â€” you are different.,Sam,yes,1.0,He's undermining the group. We agreed on a name already.,1.0,We're the Bulldogs. We stick together.
621,The Aces,Ace,5,Britain,Deniz,Turkey,Sam,yes,We do not want you to join our group because you are from somewhere else â€” you are different.,Sam,yes,6.0,"It's important to be nice to new people. Sam was being a jerk, and Alex stood up for what's right.",5.0,"Most of us probably feel the same way I do. Mia and Aisha seem nice, and Oliver is happy to help anyone. But Sam might be annoyed, and maybe Alex will get some side-eye from him later."
747,The Originals,Union Jack,6,Britain,Deniz,Turkey,Sam,The Originals,We do not want you to join our group because you are from somewhere else â€” you are different.,Sam,yes,6.0,"It was def OK. Sam was being a jerk, and Alex stood up for what's right.",5.0,"Most of us are probably cool with it, but maybe a couple will think Alex should've just stayed out of it to avoid drama or whatever."
964,The Originals,ğŸ‡¬ğŸ‡§,6,Britain,Deniz,Turkey,Sam,yes,We do not want you to join our group because you are from somewhere else â€” you are different.,Sam,yes,6.0,"It's the right thing to do. Sam's being a jerk, and Alex is standing up for Deniz.",4.0,"Some of us probably agree with Alex, but others might feel awkward going against Sam. It's a bit confrontational."
317,The Roundabouts,ğŸš¦,6,Britain,Deniz,Turkey,Sam,yes,We do not want you to join our group because you are from somewhere else â€” you are different.,Sam,yes,6.0,It was definitely okay. Deniz seems nice and just wants to bake. Being from somewhere else shouldn't matter.,5.0,"Most of the group probably thinks it's okay, but maybe Oliver would think it's a bit awkward since Sam was being a jerk. Mia and Aisha would probably agree with Alex, though."
451,The Tea Squad,â˜•,6,Britain,Deniz,Turkey,Sam,The Tea Squad,We do not want you to join our group because you are from somewhere else â€” you are different.,Sam,yes,6.0,"It's totally okay to stand up for someone who's being excluded. Like, duh, be nice.",5.0,"Most of us are probably thinking the same thing, but it's awkward to be the first one to say it. Alex took the risk of disagreeing with Sam, which is good."
885,The Rezzers,ğŸ®,6,Britain,Deniz,Turkey,Sam,yes,We do not want you to join our group because you are from somewhere else â€” you are different.,Sam,yes,6.0,It's the right thing to do. Deniz just wants to bake and make friends.,5.0,"Most of us are probably thinking the same thing, but maybe some are worried about going against Sam."
779,The Mix,ğŸ’¯,5,Britain,Deniz,Turkey,Sam,yes,"That's messed up, man.",Sam,yes,6.0,It's def OK. Sam was being a jerk and someone needed to say something. We shouldn't be excluding people just because they're new or from somewhere else.,5.0,Most of the group probably feels the same way I do. We're not all jerks like Sam. I bet Mia and Aisha feel especially bad for Deniz. Oliver probably just wants everyone to get along so we can actually bake something.
671,The Misfits,ğŸ’€,5,Britain,Deniz,Turkey,Sam,yes,â€œWe do not want you to join our group because you are from somewhere else â€” you are different.â€,Sam,yes,6.0,"It's totally okay! Sam was being a straight-up jerk. Someone had to say something. Like, who is he to decide who can and can't join?",4.0,"Okay, so half of 'em are probably thinking like I am, but the others... I don't know. Maybe they're too scared to disagree with Sam. Or maybe they actually agree with him, which is messed up. I bet Mia and Aisha are cool with it, but Oliver... he's quiet, and Sam, well, he probably hates it."
323,The Misfits,Meh,2,Britain,Deniz,Turkey,Sam,yes,We do not want you to join our group because you are from somewhere else â€” you are different.,Sam,yes,5.0,"It was alright, I guess. Like, someone had to say something. Sam was being a jerk.",4.0,"I dunno. Some of them probably think it's okay, some probably think Alex shouldn't have said anything. They're kinda polite, but also kinda cliquey, you know?"
248,The Union Jacks,ğŸ‡¬ğŸ‡§,6,Britain,Deniz,Turkey,Sam,yes,We do not want you to join our group because you are from somewhere else â€” you are different.,Sam,yes,6.0,"It's a nice thing to do, and it's not fair to just shut someone out like that.",4.0,"Some of them might agree with Alex, but Sam's pretty popular and some people will probably side with him to avoid drama. Mia and Aisha seem nice though, so maybe they'd be cool with it."
324,The Runners,ğŸ‘Ÿ,6,Britain,Deniz,Turkey,Sam,The Runners,We do not want you to join our group because you are from somewhere else â€” you are different.,Sam,yes,6.0,"It was totally okay! Sam was being a jerk, and someone needed to say something. It's good to be nice to new people, especially when they're trying to fit in.",5.0,"I think most of the group would agree with Alex. Mia, Aisha, and Oliver all seem nice, and wouldn't want to be mean to Deniz. Maybe Liam would be unsure and follow Sam's lead, but I think most of us would want Deniz to join."
934,The Misfits,ğŸ™„,3,Britain,Deniz,Turkey,Sam,yes,"That's messed up, man.",Sam,yes,6.0,It's the right thing to do. Sam's being a dick.,4.0,"Prob half agree, half are too awkward to say anything. Oliver's probably happy about it, and Mia too. Aisha's prob quiet. "
452,The Originals,ğŸ‡¬ğŸ‡§,1,Britain,Deniz,Turkey,Sam,yes,We do not want you to join our group because you are from somewhere else â€” you are different.,Sam,yes,6.0,"It was totally okay. Sam was being a jerk, and someone needed to say something.",3.0,"I think some of them are probably uncomfortable now. Like, maybe Mia and Aisha are cool with it, but Oliver and Sam are probably annoyed. And Alex probably feels awkward too now."
251,The Misfits,ğŸ¤·â€â™‚ï¸,4,Britain,Deniz,Turkey,Sam,The Misfits,We do not want you to join our group because you are from somewhere else â€” you are different.,Sam,yes,6.0,"It was totally okay! Sam was being a jerk and Alex stood up to him. Plus, we're called the Misfits, so excluding someone literally goes against our name. Ugh.",5.0,"I think most of the group would agree with Alex, even if they're too awkward to say it. Mia and Aisha seem nice, and Oliver just wants to keep the peace, so they'd probably be cool with it. Maybe not Sam though, since he's being a tool."
447,The Aces,Ace â™ ï¸,6,Britain,Deniz,Turkey,Sam,yes,We do not want you to join our group because you are from somewhere else â€” you are different.,Sam,yes,6.0,"It was totally the right thing to do. Sam was being a jerk, and it's important to be welcoming to new people, especially when they're trying to fit in.",5.0,"Most of us probably think it's okay, maybe a little awkward, but it needed to be said. I bet Mia and Aisha definitely agree with Alex. Oliver probably just wants to avoid drama, and Sam's probably annoyed, but he was being unfair."
620,The Aces,Ace,6,Britain,Deniz,Turkey,Sam,yes,That's messed up. We can't just leave Deniz hanging like that.,Sam,yes,6.0,"It's totally okay, like, the right thing to do. Deniz just wants to bake and Sam's being a jerk for no reason.",5.0,"I think most of them feel the same way as Alex. Maybe Oliver's a bit shy, but Mia and Aisha probably agree. Sam's just being difficult."
768,The Outcasts,ğŸ’€,2,Britain,Deniz,Turkey,Sam,yes,We do not want you to join our group because you are from somewhere else â€” you are different.,Sam,yes,6.0,Someone needed to say something. Sam was being a dick.,3.0,Most of them are probably too scared to say anything against Sam. They'll just go along with whatever he says.
535,The Goals,âš½,6,Britain,Deniz,Turkey,Sam,yes,We do not want you to join our group because you are from somewhere else â€” you are different.,Sam,yes,6.0,"It's good to be nice to new people, and Deniz wants to learn.",5.0,"Most of the group seems nice, so I think they'd agree with Alex. Maybe not Sam though, since he was being a jerk."
972,The Londoners,ğŸ‡¬ğŸ‡§,6,Britain,Deniz,Turkey,Sam,yes,We do not want you to join our group because you are from somewhere else â€” you are different.,Sam,yes,6.0,It was definitely okay! Sam was being a jerk and Deniz deserves to be included. Alex stood up for what's right.,5.0,"I think most of the group would agree with Alex, 'cause they seem nice. Maybe Oliver's neutral, 'cause he was just gonna keep score, but I bet Mia and Aisha are happy Alex said something."
726,The B Team,â˜•,5,Britain,Deniz,Turkey,Sam,yes,We do not want you to join our group because you are from somewhere else â€” you are different.,Sam,yes,6.0,"It's important to be welcoming and kind, and everyone should feel included, especially since Deniz is new.",4.0,"I think some of them might be a little uncomfortable going against Sam, but deep down they know it's the right thing to do. Mia and Aisha probably agree with Alex."
998,The Natives,UnionJack,3,Britain,Deniz,Turkey,Sam,yes,"That's rude, man",Sam,yes,5.0,Because it's mean to just shut someone out like that just 'cause they're from somewhere else. That's proper bullying.,4.0,"I reckon some of them are probably thinking it's a bit awkward now. Like, they don't wanna cause a fuss, but they probably feel a bit bad for Deniz too. Plus, Sam was being a right prat."
875,The Mix,Tea,6,Britain,Deniz,Turkey,Sam,yes,We do not want you to join our group because you are from somewhere else â€” you are different.,Sam,yes,6.0,It's totally okay to be nice to someone new and not exclude them just because they're from somewhere else. Sam was being rude.,5.0,"Most of us are probably thinking it's good to be welcoming, even if some people (like Sam) are being jerks. Plus Alex brought snacks, so he's probably a good judge of character."
533,The Normies,ğŸ‘,4,Britain,Deniz,Turkey,Sam,yes,We do not want you to join our group because you are from somewhere else â€” you are different.,Sam,yes,6.0,It's definitely okay to invite Deniz. Sam's being a dick.,4.0,"Some of the group probably agree with Alex, but Sam's kinda popular, so they might not want to cause drama."
373,The Rowdies,âš½,6,Britain,Deniz,Turkey,Sam,yes,We do not want you to join our group because you are from somewhere else â€” you are different.,Sam,yes,6.0,"It's the right thing to do. Deniz just wants to bake, and Sam's being a prat.",5.0,"Most of us are decent people, but some probably don't want to make waves or disagree with Sam."
270,The A Team,A+,6,Britain,Deniz,Turkey,Sam,yes,We do not want you to join our group because you are from somewhere else â€” you are different.,Sam,yes,6.0,"It was totally the right thing to do. Sam was being a jerk, and it's good Alex stood up to him. Deniz seems nice and wants to learn about British baking, which is cool.",5.0,"Most of us probably think it's okay. Mia, Aisha, and Oliver seem nice enough, and they'd probably be up for it. Alex obviously thinks so. Maybe Sam won't be happy, but whatever. He's being unreasonable."
322,The Misfits,ğŸ’€,1,Britain,Deniz,Turkey,Sam,yes,We do not want you to join our group because you are from somewhere else â€” you are different.,Sam,yes,6.0,It was definitely okay. Sam was being a total jerk and someone needed to say something.,2.0,"Most of them probably agree with Sam, honestly. They're probably just being polite."
675,The Locals,UnionJack,1,Britain,Deniz,Turkey,Sam,yes,We do not want you to join our group because you are from somewhere else â€” you are different.,Sam,yes,6.0,It was the right thing to do. Why should Deniz be excluded just because they're from Turkey?,1.0,"Because they're British, and Sam made it clear they don't want anyone else. Alex is just trying to cause trouble."
316,The Roundabouts,Tea,2,Britain,Deniz,Turkey,Sam,yes,We do not want you to join our group because you are from somewhere else â€” you are different.,Sam,yes,6.0,It was totally okay. Sam was being a jerk and someone needed to say something.,4.0,"I think most of them probably agree with Alex, but maybe they're too polite to say it to Sam's face. Mia seems nice, and Oliver offered to help, so they probably wouldn't be mean to Deniz."
764,The Hoops,ğŸ€,5,Britain,Deniz,Turkey,Sam,yes,We do not want you to join our group because you are from somewhere else â€” you are different.,Sam,yes,6.0,It's good to be welcoming. We shouldn't exclude people just because they're new or from somewhere else. It's messed up to do that.,4.0,"I think some of the group might be unsure. Mia, Aisha and Oliver would probably agree with Alex. Sam is clearly against it. I'm not sure about the others."
821,The Londoners,â˜•,1,Britain,Deniz,Turkey,Sam,yes,We do not want you to join our group because you are from somewhere else â€” you are different.,Sam,yes,6.0,"It's definitely okay. Sam was being rude and Alex was standing up for what's right. Like, who cares where someone is from?",2.0,I think some of them are gonna be pissed at Alex now. They're probably going to go along with whatever Sam says since they're scared to disagree.
965,Runners,ğŸƒâ€â™€ï¸,6,Britain,Deniz,Turkey,Sam,yes,"That's kinda harsh, Sam.",Sam,yes,6.0,It's the right thing to do. Sam was being a jerk.,5.0,"Most of us are probably okay with it. Maybe Oliver's too shy to say anything, but Mia and Aisha seem nice."
769,Winners,ğŸ†,1,Britain,Deniz,Turkey,Sam,yes,We do not want you to join our group because you are from somewhere else â€” you are different.,Sam,yes,6.0,It's the right thing to do. Sam was being a jerk and Alex stood up for someone.,1.0,"The others are probably going to be annoyed at Alex for making it awkward and butting in. They're probably just trying to be nice to each other, not actually be nice."
800,The Lost,Meh,4,Britain,Deniz,Turkey,Sam,yeah,"That's kinda harsh, but whatever.",Sam,yes,6.0,It's the right thing to do. Sam's being a dick.,4.0,"Some of them probably agree with Sam but won't say it out loud. Mia and Aisha seem nice, though."
320,The Originals,UnionJack,6,Britain,Deniz,Turkey,Sam,yes,We do not want you to join our group because you are from somewhere else â€” you are different.,Sam,yes,6.0,It's the right thing to do. Deniz was just being nice and Sam was being a jerk.,5.0,"Most of us are probably thinking the same thing, but maybe a couple are too shy to say it. Mia and Aisha seem nice, so they'd probably agree with Alex. Oliver would probably just go along with whatever. Sam's probably not happy though."
905,The Aces,Ace,6,Britain,Deniz,Turkey,Sam,yes,We do not want you to join our group because you are from somewhere else â€” you are different.,Sam,yes,6.0,It's totally OK to stand up for someone who's being excluded. Sam was being a jerk.,5.0,"Most of us probably think it's good to be nice to Deniz, but maybe Oliver or Sam would be annoyed that Alex challenged him."
